porter,éléphant,55,
se souvenir,éléphant,51,
barrir,éléphant,55,
lécher,éléphant,17,
copuler,éléphant,17,
boire,éléphant,17,
dormir,éléphant,17,
mourir,éléphant,30,
vivre,éléphant,30,
se reproduire,éléphant,30,
manger,éléphant,30,
avoir de la mémoire,éléphant,65,
se nourrir,éléphant,31,
charger,éléphant,35,
être chassé,éléphant,30,
transporter,éléphant,30,
courir,éléphant,30,
marcher,éléphant,30,
obéir,éléphant,32,
prendre un bain,éléphant,30,
se déplacer,éléphant,30,
faire du bruit,éléphant,30,
renverser l'ordre établi,révolution,30,
se fêter,révolution,1,
briller,lumière,59,
chatoyer,lumière,54,
baisser,lumière,103,
vivre,lumière,30,
se reproduire,lumière,30,
parler,lumière,30,
mourir,lumière,30,
dormir,lumière,30,
éclairer,lumière,31,
éblouir,lumière,31,
manger,lumière,4,
vibrer,téléphone,57,
retentir,téléphone,80,
relier,téléphone,58,
sonner,téléphone,130,
s'éteindre,téléphone,40,
tomber en panne,téléphone,30,
ne plus fonctionner,téléphone,30,
devenir envahissant,téléphone,40,
dysfonctionner,téléphone,26,
fonctionner,téléphone,45,
dormir,Archimède,17,
mourir,Archimède,17,
parler,Archimède,30,
vivre,Archimède,30,
se reproduire,Archimède,24,
regarder,Archimède,30,
calculer,Archimède,7,
faire une démonstration,Archimède,7,
faire des mathématiques,Archimède,7,
faire des maths,Archimède,7,
mourir,ectoplasme,34,
dormir,ectoplasme,31,
parler,ectoplasme,30,
se reproduire,ectoplasme,30,
vivre,ectoplasme,31,
étudier,avocat,30,
étudier,professeur,30,
étudier,étudiant,60,
étudier,élève,45,
étudier,enquêteur,30,
étudier,individu,30,
étudier,geek,30,
étudier,gros con,17,
étudier,Institut national de la statistique et des études économiques,17,
étudier,Insee,17,
étudier,INSEE,17,
étudier,insee,17,
étudier,Alan Mathison Turing,17,
étudier,Alexandre Grothendieck,17,
étudier,Lord Voldemort,17,
étudier,Martine Aubry,17,
étudier,candidat au bac,17,
étudier,Vanessa Paradis,30,
étudier,Robinson Crusoé,30,
étudier,François Rabelais,30,
étudier,Cimabue,30,
étudier,Guy Mollet,30,
étudier,Mathieu,17,
étudier,Jacques Bénigne Bossuet,17,
étudier,Alan Turing,17,
étudier,femme,17,
étudier,fille laide,17,
étudier,Johannes Brahms,17,
étudier,Mathieu Lafourcade,17,
étudier,crétine,17,
étudier,lycéens,17,
étudier,Torricelli,30,
étudier,collège d'experts,30,
étudier,écolier,30,
étudier,fille,13,
étudier,personne,13,
étudier,homme,30,
étudier,garçon,13,
étudier,enfant,53,
étudier,Tryphon Tournesol,30,
étudier,Tournesol,30,
étudier,Professeur Tournesol,30,
étudier,Peau-Rouge,30,
étudier,peau-rouge,30,
étudier,enseignant,30,
étudier,physicien,30,
étudier,pirate informatique,30,
étudier,Vanessa Chantal Paradis,30,
étudier,critique d'art,30,
étudier,Alexander Grothendieck,30,
étudier,thon,42,
étudier,être humain,30,
étudier,érudit,30,
étudier,dirigeante d'entreprise,30,
étudier,dirigeant d'entreprise,30,
étudier,haute fonctionnaire,30,
étudier,femme politique,30,
étudier,haut fonctionnaire,30,
étudier,ministre,30,
étudier,président,30,
étudier,dirigeant,30,
étudier,chef d'entreprise,30,
étudier,secrétaire d'État,30,
étudier,secrétaire d'Etat,30,
étudier,ministre du Travail,30,
étudier,directrice générale des ressources humaines,30,
étudier,directeur général des ressources humaines,30,
étudier,directrice des ressources humaines,30,
étudier,directeur des ressources humaines,30,
étudier,directrice générale,30,
étudier,directeur général,30,
étudier,interne,30,
désorbiter,espace,55,
faire des ravages,sida,30,
se répliquer,sida,30,
vivre,vivant,56,
mourir,vivant,30,
dormir,vivant,34,
se reproduire,vivant,30,
regarder,vivant,10,
vivre,hétérozygote,30,
se reproduire,hétérozygote,30,
parler,hétérozygote,10,
mourir,hétérozygote,10,
dormir,hétérozygote,10,
regarder,hétérozygote,22,
plancher,scientifique,52,
expérimenter,scientifique,56,
savoir,scientifique,110,
rechercher,scientifique,57,
confirmer,scientifique,59,
penser,scientifique,58,
analyser,scientifique,51,
lire,scientifique,56,
connaître,scientifique,70,
chercher,scientifique,60,
explorer,scientifique,60,
s'installer à l'étranger,scientifique,30,
constater,scientifique,60,
dormir,scientifique,17,
vivre,scientifique,17,
se reproduire,scientifique,17,
mourir,scientifique,17,
parler,scientifique,17,
connoître,scientifique,60,
écrire un article scientifique,scientifique,35,
regarder,scientifique,30,
se tromper,scientifique,45,
dormir,anthropologue,17,
mourir,anthropologue,17,
parler,anthropologue,30,
vivre,anthropologue,30,
se reproduire,anthropologue,30,
regarder,anthropologue,30,
dormir,archéologue,17,
mourir,archéologue,17,
parler,archéologue,30,
vivre,archéologue,30,
se reproduire,archéologue,30,
regarder,archéologue,30,
faire de la recherche,archéologue,1,
dormir,astronome,17,
mourir,astronome,17,
parler,astronome,30,
scruter,astronome,30,
regarder,astronome,30,
calculer,astronome,30,
vivre,astronome,30,
se reproduire,astronome,30,
greffer,botaniste,30,
dormir,botaniste,17,
mourir,botaniste,17,
parler,botaniste,30,
vivre,botaniste,30,
se reproduire,botaniste,30,
regarder,botaniste,30,
regarder à la loupe,biologiste,30,
regarder au microscope,biologiste,30,
dormir,biologiste,17,
mourir,biologiste,17,
parler,biologiste,30,
vivre,biologiste,30,
se reproduire,biologiste,30,
regarder,biologiste,30,
faire de la recherche,biologiste,1,
dormir,biochimiste,17,
mourir,biochimiste,17,
parler,biochimiste,30,
vivre,biochimiste,10,
dormir,biomathématicien,17,
mourir,biomathématicien,17,
parler,biomathématicien,30,
vivre,biomathématicien,10,
faire de la recherche,biomathématicien,1,
rechercher,chercheur,190,
expérimenter,chercheur,60,
observer,chercheur,160,
savoir,chercheur,105,
connaître,chercheur,80,
homologuer,chercheur,57,
constater,chercheur,52,
enquêter,chercheur,54,
analyser,chercheur,70,
zoomer,chercheur,60,
manipuler,chercheur,60,
penser,chercheur,60,
réfléchir,chercheur,60,
programmer,chercheur,56,
chercher,chercheur,140,
tester,chercheur,60,
débattre,chercheur,108,
explorer,chercheur,70,
inventer,chercheur,70,
s'installer à l'étranger,chercheur,30,
examiner,chercheur,51,
regarder à la loupe,chercheur,30,
regarder au microscope,chercheur,30,
avoir des scrupules,chercheur,30,
critiquer,chercheur,30,
écrire un article,chercheur,30,
faire un exposé,chercheur,60,
entr'apercevoir,chercheur,71,
laisser échapper une erreur,chercheur,51,
feuilleter,chercheur,51,
entrapercevoir,chercheur,71,
comprendre,chercheur,17,
se prendre la tête,chercheur,17,
modéliser,chercheur,17,
extrapoler,chercheur,17,
lire,chercheur,17,
dormir,chercheur,17,
mourir,chercheur,17,
faire de la recherche,chercheur,50,
parler,chercheur,30,
publier,chercheur,13,
écrire,chercheur,13,
trouver,chercheur,30,
découvrir,chercheur,33,
guérir une maladie,chercheur,65,
avoir des idées,chercheur,55,
manifester,chercheur,51,
vivre,chercheur,31,
se reproduire,chercheur,30,
connoître,chercheur,80,
boire un café,chercheur,75,
chercheur,érudit,34,
écrire un article scientifique,chercheur,55,
s'emberlucoquer,chercheur,61,
écrire un texte,chercheur,40,
trouver une idée,chercheur,55,
faire de la science,chercheur,40,
boire du café,chercheur,40,
boire trop de café,chercheur,40,
regarder,chercheur,30,
présenter ses travaux,chercheur,35,
expérimenter,chimiste,57,
vaporiser,chimiste,54,
titrer,chimiste,30,
mettre entre parenthèses,chimiste,5,
dormir,chimiste,17,
mourir,chimiste,17,
parler,chimiste,30,
vivre,chimiste,30,
regarder,chimiste,30,
faire de la recherche,chimiste,1,
respirer,cryptologue,30,
dormir,cryptologue,17,
mourir,cryptologue,17,
parler,cryptologue,30,
vivre,cryptologue,30,
se reproduire,cryptologue,30,
dormir,exobiologiste,17,
mourir,exobiologiste,17,
parler,exobiologiste,30,
vivre,exobiologiste,30,
se reproduire,exobiologiste,30,
explorer,explorateur,240,
revenir,explorateur,30,
faire du camping,explorateur,30,
dormir,explorateur,17,
mourir,explorateur,17,
parler,explorateur,30,
découvrir,explorateur,30,
raconter,explorateur,30,
écrire,explorateur,30,
décrire,explorateur,30,
observer,explorateur,13,
rencontrer,explorateur,30,
vivre,explorateur,30,
se reproduire,explorateur,30,
tourner un film,explorateur,30,
voyager,explorateur,30,
rapporter,explorateur,30,
trouver,explorateur,30,
noter,explorateur,30,
se déplacer,explorateur,30,
partir,explorateur,30,
tourner,explorateur,30,
regarder,explorateur,22,
juguler,économiste,-5,
dormir,économiste,17,
mourir,économiste,17,
parler,économiste,30,
vivre,économiste,30,
se reproduire,économiste,30,
regarder,économiste,30,
dormir,éthologue,17,
mourir,éthologue,17,
parler,éthologue,30,
vivre,éthologue,30,
se reproduire,éthologue,30,
regarder,éthologue,30,
dormir,ethnologue,17,
mourir,ethnologue,17,
parler,ethnologue,30,
vivre,ethnologue,30,
se reproduire,ethnologue,30,
regarder,ethnologue,22,
faire de la recherche,ethnologue,1,
dormir,géologue,17,
mourir,géologue,17,
parler,géologue,30,
vivre,géologue,30,
se reproduire,géologue,30,
faire de la recherche,géologue,1,
dormir,glaciologue,17,
mourir,glaciologue,17,
parler,glaciologue,30,
vivre,glaciologue,30,
se reproduire,glaciologue,30,
regarder,glaciologue,10,
diviser,mathématicien,70,
ajouter,mathématicien,70,
multiplier,mathématicien,70,
chiffrer,mathématicien,52,
soustraire,mathématicien,53,
enseigner,mathématicien,30,
faire une démonstration,mathématicien,33,
démontrer,mathématicien,17,
dormir,mathématicien,17,
mourir,mathématicien,17,
parler,mathématicien,30,
vivre,mathématicien,10,
résoudre un problème,mathématicien,30,
démontrer un théorème,mathématicien,55,
faire des maths,mathématicien,40,
faire des mathématiques,mathématicien,95,
regarder,mathématicien,30,
prévoir,météorologue,60,
dormir,météorologue,17,
mourir,météorologue,17,
parler,météorologue,30,
vivre,météorologue,30,
se reproduire,météorologue,30,
dormir,paléontologue,17,
mourir,paléontologue,17,
parler,paléontologue,30,
vivre,paléontologue,10,
regarder,paléontologue,2,
expérimenter,physicien,52,
dormir,physicien,17,
mourir,physicien,17,
parler,physicien,30,
penser,physicien,30,
faire de la recherche,physicien,30,
chercher,physicien,30,
écrire,physicien,30,
publier,physicien,30,
inventer,physicien,30,
expliquer,physicien,30,
modéliser,physicien,30,
exposer,physicien,30,
réfléchir,physicien,30,
théoriser,physicien,30,
vivre,physicien,30,
se reproduire,physicien,30,
trouver,physicien,30,
laisser échapper une erreur,physicien,30,
enseigner,physicien,30,
définir,physicien,30,
étudier,physicien,30,
faire des hypothèses,physicien,30,
lire,physicien,30,
tester une hypothèse,physicien,30,
donner une conférence,physicien,30,
noter,physicien,30,
vulgariser,physicien,30,
regarder,physicien,30,
dormir,raffineur,17,
mourir,raffineur,17,
parler,raffineur,30,
vivre,raffineur,30,
se reproduire,raffineur,30,
raffiner,raffineur,13,
regarder,raffineur,30,
dormir,sismologue,17,
mourir,sismologue,17,
parler,sismologue,30,
vivre,sismologue,30,
se reproduire,sismologue,30,
regarder,sismologue,2,
dormir,sociologue,17,
mourir,sociologue,17,
parler,sociologue,30,
vivre,sociologue,30,
se reproduire,sociologue,30,
regarder,sociologue,30,
faire de la recherche,sociologue,1,
dormir,statisticien,17,
mourir,statisticien,17,
parler,statisticien,30,
vivre,statisticien,30,
se reproduire,statisticien,30,
marcher,électricité,30,
taper sur le système,informatique,40,
énerver,informatique,35,
agacer,informatique,65,
enseigner,mathématiques,30,
parler,mathématiques,17,
mourir,mathématiques,17,
dormir,mathématiques,17,
vivre,mathématiques,10,
vivre,symbolique,30,
se reproduire,symbolique,30,
parler,symbolique,30,
mourir,symbolique,30,
dormir,symbolique,30,
regarder,symbolique,30,
mourir,André-Marie Ampère,30,
parler,André-Marie Ampère,30,
dormir,André-Marie Ampère,17,
vivre,André-Marie Ampère,10,
regarder,André-Marie Ampère,22,
calculer,André-Marie Ampère,7,
faire une démonstration,André-Marie Ampère,7,
faire des mathématiques,André-Marie Ampère,7,
faire des maths,André-Marie Ampère,7,
dormir,André Vésale,17,
mourir,André Vésale,17,
parler,André Vésale,17,
vivre,André Vésale,19,
se reproduire,André Vésale,9,
dormir,Svante August Arrhenius,24,
parler,Svante August Arrhenius,24,
mourir,Svante August Arrhenius,30,
vivre,Svante August Arrhenius,30,
se reproduire,Svante August Arrhenius,30,
dormir,Pierre Victor Auger,17,
mourir,Pierre Victor Auger,17,
parler,Pierre Victor Auger,17,
vivre,Pierre Victor Auger,10,
regarder,Pierre Victor Auger,2,
vivre,Averroès,30,
se reproduire,Averroès,17,
écrire,Averroès,17,
penser,Averroès,17,
dormir,Averroès,17,
mourir,Averroès,17,
parler,Averroès,17,
vivre,Avicenne,34,
se reproduire,Avicenne,17,
écrire,Avicenne,17,
penser,Avicenne,17,
dormir,Avicenne,17,
mourir,Avicenne,17,
parler,Avicenne,17,
parler,Amedeo Avogadro,30,
mourir,Amedeo Avogadro,16,
dormir,Amedeo Avogadro,30,
vivre,Amedeo Avogadro,19,
se reproduire,Amedeo Avogadro,9,
regarder,Amedeo Avogadro,30,
dormir,Charles Babbage,17,
mourir,Charles Babbage,17,
parler,Charles Babbage,30,
vivre,Charles Babbage,15,
se reproduire,Charles Babbage,5,
calculer,Charles Babbage,7,
faire une démonstration,Charles Babbage,7,
faire des mathématiques,Charles Babbage,7,
faire des maths,Charles Babbage,7,
dormir,John Logie Baird,4,
parler,John Logie Baird,4,
mourir,John Logie Baird,5,
vivre,John Logie Baird,2,
se reproduire,John Logie Baird,30,
manger,John Logie Baird,4,
mourir,Christiaan Barnard,2,
parler,Christiaan Barnard,1,
se reproduire,Christiaan Barnard,22,
vivre,Christiaan Barnard,9,
manger,Christiaan Barnard,4,
dormir,Henri Becquerel,17,
mourir,Henri Becquerel,17,
parler,Henri Becquerel,17,
vivre,Henri Becquerel,10,
regarder,Henri Becquerel,2,
parler,Alexander Graham Bell,5,
mourir,Alexander Graham Bell,5,
dormir,Alexander Graham Bell,4,
vivre,Alexander Graham Bell,2,
se reproduire,Alexander Graham Bell,30,
manger,Alexander Graham Bell,4,
parler,Carl Benz,4,
dormir,Carl Benz,1,
mourir,Carl Benz,2,
vivre,Carl Benz,2,
se reproduire,Carl Benz,9,
parler,Jacques Bernoulli,9,
mourir,Jacques Bernoulli,9,
dormir,Jacques Bernoulli,9,
se reproduire,Jacques Bernoulli,22,
vivre,Jacques Bernoulli,9,
calculer,Jacques Bernoulli,7,
faire une démonstration,Jacques Bernoulli,7,
faire des mathématiques,Jacques Bernoulli,7,
faire des maths,Jacques Bernoulli,7,
dormir,Jean Bernoulli,17,
mourir,Jean Bernoulli,17,
parler,Jean Bernoulli,30,
vivre,Jean Bernoulli,26,
se reproduire,Jean Bernoulli,2,
regarder,Jean Bernoulli,30,
calculer,Jean Bernoulli,7,
faire une démonstration,Jean Bernoulli,7,
faire des mathématiques,Jean Bernoulli,7,
faire des maths,Jean Bernoulli,7,
mourir,Daniel Bernoulli,2,
parler,Daniel Bernoulli,1,
se reproduire,Daniel Bernoulli,22,
vivre,Daniel Bernoulli,9,
dormir,Alphonse Bertillon,4,
parler,Alphonse Bertillon,4,
mourir,Alphonse Bertillon,4,
vivre,Alphonse Bertillon,2,
se reproduire,Alphonse Bertillon,30,
manger,Alphonse Bertillon,4,
parler,Joseph Black,6,
dormir,Joseph Black,1,
mourir,Joseph Black,1,
vivre,Joseph Black,2,
se reproduire,Joseph Black,30,
dormir,Niels Bohr,17,
mourir,Niels Bohr,17,
parler,Niels Bohr,17,
vivre,Niels Bohr,10,
regarder,Niels Bohr,2,
dormir,Ludwig Boltzmann,17,
mourir,Ludwig Boltzmann,17,
parler,Ludwig Boltzmann,17,
vivre,Ludwig Boltzmann,10,
regarder,Ludwig Boltzmann,2,
dormir,Robert Boyle,35,
parler,Robert Boyle,30,
mourir,Robert Boyle,30,
penser,Robert Boyle,9,
écrire,Robert Boyle,9,
vivre,Robert Boyle,17,
se reproduire,Robert Boyle,16,
regarder,Robert Boyle,22,
parler,Louis Braille,1,
dormir,Louis Braille,1,
mourir,Louis Braille,1,
se reproduire,Louis Braille,5,
vivre,Louis Braille,4,
manger,Louis Braille,4,
parler,Édouard Branly,11,
mourir,Édouard Branly,16,
dormir,Édouard Branly,30,
vivre,Édouard Branly,21,
se reproduire,Édouard Branly,22,
regarder,Édouard Branly,30,
manger,Édouard Branly,4,
se reproduire,Wernher von Braun,30,
parler,Wernher von Braun,30,
mourir,Wernher von Braun,30,
dormir,Wernher von Braun,30,
vivre,Wernher von Braun,30,
manger,Wernher von Braun,4,
mourir,Auguste Bravais,2,
parler,Auguste Bravais,1,
se reproduire,Auguste Bravais,21,
vivre,Auguste Bravais,9,
dormir,Isambard Kingdom Brunel,4,
parler,Isambard Kingdom Brunel,4,
mourir,Isambard Kingdom Brunel,5,
vivre,Isambard Kingdom Brunel,2,
se reproduire,Isambard Kingdom Brunel,30,
manger,Isambard Kingdom Brunel,4,
dormir,Robert Wilhelm Bunsen,17,
mourir,Robert Wilhelm Bunsen,17,
parler,Robert Wilhelm Bunsen,17,
vivre,Robert Wilhelm Bunsen,10,
regarder,Robert Wilhelm Bunsen,2,
calculer,Augustin Louis Cauchy,7,
faire une démonstration,Augustin Louis Cauchy,7,
faire des mathématiques,Augustin Louis Cauchy,7,
faire des maths,Augustin Louis Cauchy,7,
mourir,Augustin Louis Cauchy,7,
se reproduire,Augustin Louis Cauchy,22,
dormir,Augustin Louis Cauchy,22,
vivre,Augustin Louis Cauchy,22,
parler,Augustin Louis Cauchy,22,
parler,Henry Cavendish,35,
mourir,Henry Cavendish,19,
dormir,Henry Cavendish,30,
vivre,Henry Cavendish,21,
se reproduire,Henry Cavendish,22,
regarder,Henry Cavendish,30,
parler,James Chadwick,11,
mourir,James Chadwick,19,
dormir,James Chadwick,11,
vivre,James Chadwick,10,
regarder,James Chadwick,30,
théoriser,Georges Charpak,17,
exposer,Georges Charpak,17,
expliquer,Georges Charpak,17,
écrire,Georges Charpak,17,
faire de la recherche,Georges Charpak,17,
chercher,Georges Charpak,17,
dormir,Georges Charpak,17,
mourir,Georges Charpak,17,
parler,Georges Charpak,17,
vivre,Georges Charpak,16,
se reproduire,Georges Charpak,5,
regarder,Georges Charpak,2,
dormir,Erwin Chargaff,4,
parler,Erwin Chargaff,4,
mourir,Erwin Chargaff,4,
vivre,Erwin Chargaff,2,
se reproduire,Erwin Chargaff,30,
manger,Erwin Chargaff,4,
parler,Yves Chauvin,1,
dormir,Yves Chauvin,1,
mourir,Yves Chauvin,1,
se reproduire,Yves Chauvin,21,
vivre,Yves Chauvin,9,
mourir,Alonzo Church,32,
parler,Alonzo Church,17,
dormir,Alonzo Church,17,
vivre,Alonzo Church,10,
regarder,Alonzo Church,30,
calculer,Alonzo Church,7,
faire une démonstration,Alonzo Church,7,
faire des mathématiques,Alonzo Church,7,
faire des maths,Alonzo Church,7,
parler,Nicolas Copernic,1,
dormir,Nicolas Copernic,1,
mourir,Nicolas Copernic,1,
se reproduire,Nicolas Copernic,17,
vivre,Nicolas Copernic,16,
dormir,Charles de Coulomb,17,
mourir,Charles de Coulomb,17,
parler,Charles de Coulomb,17,
vivre,Charles de Coulomb,10,
regarder,Charles de Coulomb,2,
parler,Jacques-Yves Cousteau,30,
mourir,Jacques-Yves Cousteau,30,
dormir,Jacques-Yves Cousteau,30,
filmer,Jacques-Yves Cousteau,30,
tourner un film,Jacques-Yves Cousteau,30,
tourner,Jacques-Yves Cousteau,30,
vivre,Jacques-Yves Cousteau,30,
se reproduire,Jacques-Yves Cousteau,30,
regarder,Jacques-Yves Cousteau,30,
se reproduire,Francis Crick,30,
vivre,Francis Crick,31,
parler,Francis Crick,30,
mourir,Francis Crick,35,
dormir,Francis Crick,36,
dormir,William Crookes,17,
mourir,William Crookes,17,
parler,William Crookes,30,
vivre,William Crookes,10,
se reproduire,Marie Curie,30,
mourir,Marie Curie,30,
vivre,Marie Curie,30,
dormir,Marie Curie,30,
parler,Marie Curie,30,
regarder,Marie Curie,30,
parler,John Dalton,1,
dormir,John Dalton,1,
mourir,John Dalton,1,
vivre,John Dalton,29,
se reproduire,John Dalton,30,
parler,Humphry Davy,29,
mourir,Humphry Davy,31,
dormir,Humphry Davy,32,
vivre,Humphry Davy,30,
regarder,Humphry Davy,10,
dormir,Paul Dirac,17,
mourir,Paul Dirac,17,
parler,Paul Dirac,17,
vivre,Paul Dirac,10,
regarder,Paul Dirac,2,
dormir,Theodosius Dobzhansky,4,
parler,Theodosius Dobzhansky,4,
mourir,Theodosius Dobzhansky,4,
vivre,Theodosius Dobzhansky,2,
se reproduire,Theodosius Dobzhansky,30,
dormir,Christian Doppler,17,
mourir,Christian Doppler,17,
parler,Christian Doppler,17,
vivre,Christian Doppler,10,
regarder,Christian Doppler,2,
parler,John Boyd Dunlop,4,
dormir,John Boyd Dunlop,1,
mourir,John Boyd Dunlop,2,
vivre,John Boyd Dunlop,2,
se reproduire,John Boyd Dunlop,9,
parler,George Eastman,25,
mourir,George Eastman,25,
dormir,George Eastman,25,
jouer,George Eastman,28,
vivre,George Eastman,30,
se reproduire,George Eastman,5,
interpréter un rôle,George Eastman,25,
dormir,Thomas Alva Edison,4,
parler,Thomas Alva Edison,4,
mourir,Thomas Alva Edison,5,
vivre,Thomas Alva Edison,2,
se reproduire,Thomas Alva Edison,30,
dormir,Albert Einstein,17,
mourir,Albert Einstein,17,
parler,Albert Einstein,30,
penser,Albert Einstein,30,
écrire,Albert Einstein,30,
se reproduire,Albert Einstein,30,
vivre,Albert Einstein,30,
regarder,Albert Einstein,30,
parler,Euclide,17,
mourir,Euclide,17,
dormir,Euclide,17,
vivre,Euclide,16,
écrire,Euclide,30,
penser,Euclide,30,
se reproduire,Euclide,6,
calculer,Euclide,7,
faire une démonstration,Euclide,7,
faire des mathématiques,Euclide,7,
faire des maths,Euclide,7,
parler,Leonhard Euler,17,
mourir,Leonhard Euler,17,
dormir,Leonhard Euler,17,
vivre,Leonhard Euler,34,
écrire,Leonhard Euler,35,
penser,Leonhard Euler,35,
se reproduire,Leonhard Euler,30,
regarder,Leonhard Euler,30,
calculer,Leonhard Euler,7,
faire une démonstration,Leonhard Euler,7,
faire des mathématiques,Leonhard Euler,7,
faire des maths,Leonhard Euler,7,
mourir,Oronce Fine,32,
parler,Oronce Fine,17,
dormir,Oronce Fine,17,
vivre,Oronce Fine,21,
se reproduire,Oronce Fine,21,
regarder,Oronce Fine,30,
calculer,Oronce Fine,7,
faire une démonstration,Oronce Fine,7,
faire des mathématiques,Oronce Fine,7,
faire des maths,Oronce Fine,7,
dormir,Michael Faraday,17,
mourir,Michael Faraday,17,
parler,Michael Faraday,17,
vivre,Michael Faraday,10,
regarder,Michael Faraday,2,
dormir,Enrico Fermi,17,
mourir,Enrico Fermi,17,
parler,Enrico Fermi,17,
vivre,Enrico Fermi,10,
regarder,Enrico Fermi,2,
penser,Richard Feynman,17,
réfléchir,Richard Feynman,17,
modéliser,Richard Feynman,17,
expliquer,Richard Feynman,17,
chercher,Richard Feynman,17,
dormir,Richard Feynman,17,
mourir,Richard Feynman,17,
parler,Richard Feynman,17,
vivre,Richard Feynman,10,
regarder,Richard Feynman,2,
parler,Alexander Fleming,4,
dormir,Alexander Fleming,1,
mourir,Alexander Fleming,2,
vivre,Alexander Fleming,1,
se reproduire,Alexander Fleming,9,
regarder,Alexander Fleming,1,
parler,Jean Bernard Léon Foucault,32,
mourir,Jean Bernard Léon Foucault,14,
dormir,Jean Bernard Léon Foucault,11,
vivre,Jean Bernard Léon Foucault,30,
se reproduire,Jean Bernard Léon Foucault,22,
regarder,Jean Bernard Léon Foucault,30,
manger,Jean Bernard Léon Foucault,4,
se reproduire,Joseph Fourier,8,
dormir,Joseph Fourier,8,
mourir,Joseph Fourier,8,
parler,Joseph Fourier,8,
faire de la politique,Joseph Fourier,8,
vivre,Joseph Fourier,8,
regarder,Joseph Fourier,30,
écrire,Benjamin Franklin,30,
faire de la politique,Benjamin Franklin,17,
dormir,Benjamin Franklin,17,
vivre,Benjamin Franklin,17,
se reproduire,Benjamin Franklin,17,
mourir,Benjamin Franklin,17,
parler,Benjamin Franklin,17,
regarder,Benjamin Franklin,2,
dormir,Joseph von Fraunhofer,4,
parler,Joseph von Fraunhofer,4,
mourir,Joseph von Fraunhofer,4,
vivre,Joseph von Fraunhofer,2,
se reproduire,Joseph von Fraunhofer,30,
manger,Joseph von Fraunhofer,4,
dormir,Augustin Fresnel,17,
mourir,Augustin Fresnel,17,
parler,Augustin Fresnel,17,
vivre,Augustin Fresnel,10,
regarder,Augustin Fresnel,2,
dormir,Galilée,17,
mourir,Galilée,17,
parler,Galilée,17,
vivre,Galilée,30,
penser,Galilée,30,
écrire,Galilée,30,
se reproduire,Galilée,30,
regarder,Galilée,2,
calculer,Galilée,7,
faire une démonstration,Galilée,7,
faire des mathématiques,Galilée,7,
faire des maths,Galilée,7,
dormir,Évariste Galois,17,
travailler,Évariste Galois,17,
mourir,Évariste Galois,17,
parler,Évariste Galois,30,
vivre,Évariste Galois,26,
se reproduire,Évariste Galois,29,
se battre en duel,Évariste Galois,7,
faire une démonstration,Évariste Galois,7,
calculer,Évariste Galois,7,
faire des mathématiques,Évariste Galois,7,
faire des maths,Évariste Galois,7,
dormir,Luigi Galvani,17,
mourir,Luigi Galvani,17,
parler,Luigi Galvani,17,
vivre,Luigi Galvani,23,
se reproduire,Luigi Galvani,22,
regarder,Luigi Galvani,2,
manger,Luigi Galvani,4,
dormir,Louis Joseph Gay-Lussac,17,
mourir,Louis Joseph Gay-Lussac,17,
parler,Louis Joseph Gay-Lussac,17,
vivre,Louis Joseph Gay-Lussac,19,
se reproduire,Louis Joseph Gay-Lussac,30,
regarder,Louis Joseph Gay-Lussac,2,
parler,Kurt Gödel,17,
mourir,Kurt Gödel,17,
dormir,Kurt Gödel,17,
vivre,Kurt Gödel,30,
se reproduire,Kurt Gödel,30,
calculer,Kurt Gödel,7,
faire une démonstration,Kurt Gödel,7,
faire des mathématiques,Kurt Gödel,7,
faire des maths,Kurt Gödel,7,
parler,Stephen Jay Gould,1,
dormir,Stephen Jay Gould,1,
mourir,Stephen Jay Gould,1,
se reproduire,Stephen Jay Gould,5,
vivre,Stephen Jay Gould,4,
manger,Stephen Jay Gould,4,
dormir,Fritz Haber,4,
parler,Fritz Haber,4,
mourir,Fritz Haber,5,
vivre,Fritz Haber,2,
se reproduire,Fritz Haber,30,
parler,Joseph Henry,30,
mourir,Joseph Henry,30,
dormir,Joseph Henry,39,
vivre,Joseph Henry,29,
se reproduire,Joseph Henry,30,
dormir,William Herschel,4,
parler,William Herschel,4,
mourir,William Herschel,4,
vivre,William Herschel,30,
se reproduire,William Herschel,30,
mourir,Heinrich Rudolf Hertz,2,
parler,Heinrich Rudolf Hertz,1,
se reproduire,Heinrich Rudolf Hertz,22,
vivre,Heinrich Rudolf Hertz,9,
manger,Heinrich Rudolf Hertz,4,
parler,David Hilbert,17,
mourir,David Hilbert,17,
dormir,David Hilbert,17,
vivre,David Hilbert,10,
regarder,David Hilbert,30,
calculer,David Hilbert,7,
faire une démonstration,David Hilbert,9,
faire des mathématiques,David Hilbert,7,
faire des maths,David Hilbert,7,
parler,Hippocrate,1,
dormir,Hippocrate,1,
mourir,Hippocrate,1,
regarder,Hippocrate,1,
penser,Hippocrate,6,
écrire,Hippocrate,6,
se reproduire,Hippocrate,5,
vivre,Hippocrate,5,
manger,Hippocrate,4,
parler,Edwin Hubble,1,
dormir,Edwin Hubble,1,
mourir,Edwin Hubble,1,
dormir,Christiaan Huygens,17,
mourir,Christiaan Huygens,17,
parler,Christiaan Huygens,17,
vivre,Christiaan Huygens,30,
se reproduire,Christiaan Huygens,9,
regarder,Christiaan Huygens,2,
calculer,Christiaan Huygens,7,
faire une démonstration,Christiaan Huygens,7,
faire des mathématiques,Christiaan Huygens,7,
faire des maths,Christiaan Huygens,7,
parler,Albert Jacquard,1,
dormir,Albert Jacquard,1,
mourir,Albert Jacquard,1,
penser,Albert Jacquard,9,
écrire,Albert Jacquard,9,
se reproduire,Albert Jacquard,9,
vivre,Albert Jacquard,30,
faire de la recherche,Albert Jacquard,1,
mourir,Irène Joliot-Curie,4,
dormir,Irène Joliot-Curie,4,
parler,Irène Joliot-Curie,1,
se reproduire,Irène Joliot-Curie,5,
vivre,Irène Joliot-Curie,4,
parler,Frédéric Joliot-Curie,27,
mourir,Frédéric Joliot-Curie,23,
dormir,Frédéric Joliot-Curie,28,
vivre,Frédéric Joliot-Curie,30,
regarder,Frédéric Joliot-Curie,30,
dormir,James Prescott Joule,17,
mourir,James Prescott Joule,17,
parler,James Prescott Joule,17,
vivre,James Prescott Joule,19,
se reproduire,James Prescott Joule,30,
regarder,James Prescott Joule,2,
manger,James Prescott Joule,4,
parler,William Thomson,30,
mourir,William Thomson,30,
dormir,William Thomson,29,
vivre,William Thomson,30,
regarder,William Thomson,30,
mourir,Lord Kelvin,30,
parler,Lord Kelvin,28,
dormir,Lord Kelvin,22,
vivre,Lord Kelvin,30,
parler,Johannes Kepler,1,
dormir,Johannes Kepler,1,
mourir,Johannes Kepler,1,
vivre,Johannes Kepler,30,
se reproduire,Johannes Kepler,23,
dormir,Gustav Kirchhoff,17,
mourir,Gustav Kirchhoff,17,
parler,Gustav Kirchhoff,17,
vivre,Gustav Kirchhoff,10,
regarder,Gustav Kirchhoff,2,
dormir,Stephen Cole Kleene,29,
mourir,Stephen Cole Kleene,30,
parler,Stephen Cole Kleene,31,
vivre,Stephen Cole Kleene,25,
se reproduire,Stephen Cole Kleene,30,
regarder,Stephen Cole Kleene,30,
calculer,Stephen Cole Kleene,7,
faire une démonstration,Stephen Cole Kleene,7,
faire des mathématiques,Stephen Cole Kleene,7,
faire des maths,Stephen Cole Kleene,7,
parler,Edwin H. Land,1,
dormir,Edwin H. Land,1,
mourir,Edwin H. Land,1,
dormir,Karl Landsteiner,4,
parler,Karl Landsteiner,4,
mourir,Karl Landsteiner,4,
vivre,Karl Landsteiner,2,
se reproduire,Karl Landsteiner,30,
manger,Karl Landsteiner,4,
dormir,César Lattes,4,
parler,César Lattes,4,
mourir,César Lattes,5,
vivre,César Lattes,2,
se reproduire,César Lattes,30,
manger,César Lattes,4,
parler,Max von Laue,24,
mourir,Max von Laue,35,
dormir,Max von Laue,27,
vivre,Max von Laue,30,
regarder,Max von Laue,22,
dormir,Adrien-Marie Legendre,4,
parler,Adrien-Marie Legendre,4,
mourir,Adrien-Marie Legendre,5,
vivre,Adrien-Marie Legendre,2,
se reproduire,Adrien-Marie Legendre,30,
manger,Adrien-Marie Legendre,4,
mourir,Carl von Linné,2,
parler,Carl von Linné,1,
se reproduire,Carl von Linné,21,
vivre,Carl von Linné,9,
parler,Joseph Lister,1,
dormir,Joseph Lister,1,
mourir,Joseph Lister,1,
vivre,Joseph Lister,1,
se reproduire,Joseph Lister,9,
parler,Auguste Lumière,30,
mourir,Auguste Lumière,30,
dormir,Auguste Lumière,30,
filmer,Auguste Lumière,30,
tourner un film,Auguste Lumière,30,
tourner,Auguste Lumière,30,
vivre,Auguste Lumière,30,
se reproduire,Auguste Lumière,30,
regarder,Auguste Lumière,30,
vivre,Louis Lumière,30,
se reproduire,Louis Lumière,30,
parler,Louis Lumière,30,
mourir,Louis Lumière,30,
dormir,Louis Lumière,30,
tourner,Louis Lumière,30,
tourner un film,Louis Lumière,30,
filmer,Louis Lumière,30,
regarder,Louis Lumière,30,
calculer,Pierre-Simon Laplace,7,
faire une démonstration,Pierre-Simon Laplace,7,
faire des mathématiques,Pierre-Simon Laplace,7,
faire des maths,Pierre-Simon Laplace,7,
mourir,Pierre-Simon Laplace,7,
se reproduire,Pierre-Simon Laplace,22,
dormir,Pierre-Simon Laplace,22,
vivre,Pierre-Simon Laplace,22,
parler,Pierre-Simon Laplace,22,
dormir,Ernst Mach,17,
mourir,Ernst Mach,17,
parler,Ernst Mach,17,
vivre,Ernst Mach,30,
écrire,Ernst Mach,9,
penser,Ernst Mach,9,
se reproduire,Ernst Mach,12,
regarder,Ernst Mach,2,
dormir,Marcello Malpighi,4,
parler,Marcello Malpighi,4,
mourir,Marcello Malpighi,4,
vivre,Marcello Malpighi,2,
se reproduire,Marcello Malpighi,30,
manger,Marcello Malpighi,4,
dormir,Guglielmo Marconi,17,
mourir,Guglielmo Marconi,17,
parler,Guglielmo Marconi,17,
vivre,Guglielmo Marconi,19,
se reproduire,Guglielmo Marconi,30,
regarder,Guglielmo Marconi,2,
parler,abbé Edme Mariotte,30,
mourir,abbé Edme Mariotte,30,
dormir,abbé Edme Mariotte,30,
vivre,abbé Edme Mariotte,30,
regarder,abbé Edme Mariotte,7,
dormir,James Clerk Maxwell,17,
mourir,James Clerk Maxwell,17,
parler,James Clerk Maxwell,17,
vivre,James Clerk Maxwell,10,
regarder,James Clerk Maxwell,2,
mourir,Ernst Mayr,2,
parler,Ernst Mayr,1,
se reproduire,Ernst Mayr,22,
vivre,Ernst Mayr,9,
parler,Dmitri Mendeleïev,1,
dormir,Dmitri Mendeleïev,1,
mourir,Dmitri Mendeleïev,1,
se reproduire,Dmitri Mendeleïev,5,
vivre,Dmitri Mendeleïev,16,
manger,Dmitri Mendeleïev,4,
dormir,Ottmar Mergenthaler,4,
parler,Ottmar Mergenthaler,4,
mourir,Ottmar Mergenthaler,5,
vivre,Ottmar Mergenthaler,2,
se reproduire,Ottmar Mergenthaler,30,
manger,Ottmar Mergenthaler,4,
se reproduire,Marin Mersenne,30,
dormir,Marin Mersenne,30,
vivre,Marin Mersenne,30,
mourir,Marin Mersenne,30,
parler,Marin Mersenne,30,
écrire,Marin Mersenne,30,
penser,Marin Mersenne,30,
prier,Marin Mersenne,30,
regarder,Marin Mersenne,30,
parler,Albert Abraham Michelson,28,
mourir,Albert Abraham Michelson,28,
dormir,Albert Abraham Michelson,29,
vivre,Albert Abraham Michelson,30,
se reproduire,Albert Abraham Michelson,9,
regarder,Albert Abraham Michelson,10,
dormir,Hermann Minkowski,28,
parler,Hermann Minkowski,17,
mourir,Hermann Minkowski,34,
vivre,Hermann Minkowski,29,
se reproduire,Hermann Minkowski,30,
regarder,Hermann Minkowski,30,
calculer,Hermann Minkowski,7,
faire une démonstration,Hermann Minkowski,7,
faire des mathématiques,Hermann Minkowski,7,
faire des maths,Hermann Minkowski,7,
parler,Théodore Monod,1,
dormir,Théodore Monod,1,
mourir,Théodore Monod,1,
se reproduire,Théodore Monod,5,
vivre,Théodore Monod,4,
manger,Théodore Monod,4,
dormir,James Nasmyth,4,
parler,James Nasmyth,4,
mourir,James Nasmyth,4,
vivre,James Nasmyth,2,
se reproduire,James Nasmyth,30,
manger,James Nasmyth,4,
dormir,Isaac Newton,17,
mourir,Isaac Newton,17,
parler,Isaac Newton,17,
vivre,Isaac Newton,30,
écrire,Isaac Newton,30,
se reproduire,Isaac Newton,30,
penser,Isaac Newton,17,
regarder,Isaac Newton,2,
calculer,Isaac Newton,7,
faire une démonstration,Isaac Newton,7,
faire des mathématiques,Isaac Newton,7,
faire des maths,Isaac Newton,7,
dormir,Georg Simon Ohm,17,
mourir,Georg Simon Ohm,17,
parler,Georg Simon Ohm,17,
vivre,Georg Simon Ohm,19,
se reproduire,Georg Simon Ohm,30,
regarder,Georg Simon Ohm,2,
dormir,Robert Oppenheimer,17,
mourir,Robert Oppenheimer,17,
parler,Robert Oppenheimer,17,
vivre,Robert Oppenheimer,10,
regarder,Robert Oppenheimer,2,
se reproduire,Wilhelm Ostwald,5,
parler,Wilhelm Ostwald,5,
écrire,Wilhelm Ostwald,5,
vivre,Wilhelm Ostwald,5,
mourir,Wilhelm Ostwald,5,
penser,Wilhelm Ostwald,5,
dormir,Wilhelm Ostwald,5,
manger,Wilhelm Ostwald,4,
vivre,Blaise Pascal,30,
se reproduire,Blaise Pascal,17,
écrire,Blaise Pascal,17,
dormir,Blaise Pascal,17,
mourir,Blaise Pascal,17,
parler,Blaise Pascal,17,
philosopher,Blaise Pascal,30,
penser,Blaise Pascal,13,
calculer,Blaise Pascal,7,
faire une démonstration,Blaise Pascal,7,
faire des mathématiques,Blaise Pascal,7,
faire des maths,Blaise Pascal,7,
parler,Louis Pasteur,1,
dormir,Louis Pasteur,1,
mourir,Louis Pasteur,1,
se reproduire,Louis Pasteur,17,
vivre,Louis Pasteur,16,
dormir,Ivan Petrovitch Pavlov,4,
parler,Ivan Petrovitch Pavlov,4,
mourir,Ivan Petrovitch Pavlov,4,
vivre,Ivan Petrovitch Pavlov,2,
se reproduire,Ivan Petrovitch Pavlov,30,
manger,Ivan Petrovitch Pavlov,4,
dormir,Max Planck,17,
mourir,Max Planck,17,
parler,Max Planck,17,
vivre,Max Planck,19,
se reproduire,Max Planck,9,
regarder,Max Planck,2,
parler,Julius Plücker,30,
mourir,Julius Plücker,17,
dormir,Julius Plücker,17,
vivre,Julius Plücker,10,
regarder,Julius Plücker,10,
calculer,Julius Plücker,7,
faire une démonstration,Julius Plücker,7,
faire des mathématiques,Julius Plücker,7,
faire des maths,Julius Plücker,7,
parler,Henri Poincaré,17,
mourir,Henri Poincaré,17,
dormir,Henri Poincaré,17,
vivre,Henri Poincaré,10,
écrire,Henri Poincaré,30,
penser,Henri Poincaré,35,
calculer,Henri Poincaré,7,
faire une démonstration,Henri Poincaré,7,
faire des mathématiques,Henri Poincaré,7,
faire des maths,Henri Poincaré,7,
mourir,George Dawson Preston,34,
parler,George Dawson Preston,22,
dormir,George Dawson Preston,23,
vivre,George Dawson Preston,30,
regarder,George Dawson Preston,30,
écrire,Joseph Priestley,30,
penser,Joseph Priestley,30,
vivre,Joseph Priestley,30,
se reproduire,Joseph Priestley,30,
parler,Joseph Priestley,35,
mourir,Joseph Priestley,30,
dormir,Joseph Priestley,30,
regarder,Joseph Priestley,30,
vivre,Ptolémée,17,
se reproduire,Ptolémée,17,
dormir,Ptolémée,17,
mourir,Ptolémée,17,
parler,Ptolémée,17,
écrire,Ptolémée,30,
penser,Ptolémée,35,
regarder,Ptolémée,30,
parler,Pythagore,17,
mourir,Pythagore,17,
dormir,Pythagore,17,
vivre,Pythagore,30,
écrire,Pythagore,31,
penser,Pythagore,30,
se reproduire,Pythagore,30,
calculer,Pythagore,7,
faire une démonstration,Pythagore,7,
faire des mathématiques,Pythagore,7,
faire des maths,Pythagore,7,
parler,Bernhard Riemann,17,
mourir,Bernhard Riemann,17,
dormir,Bernhard Riemann,17,
vivre,Bernhard Riemann,10,
regarder,Bernhard Riemann,30,
calculer,Bernhard Riemann,7,
faire une démonstration,Bernhard Riemann,7,
faire des mathématiques,Bernhard Riemann,7,
faire des maths,Bernhard Riemann,7,
dormir,Wilhelm Röntgen,17,
mourir,Wilhelm Röntgen,17,
parler,Wilhelm Röntgen,30,
vivre,Wilhelm Röntgen,15,
se reproduire,Wilhelm Röntgen,5,
regarder,Wilhelm Röntgen,22,
parler,Ernest Rutherford,39,
mourir,Ernest Rutherford,22,
dormir,Ernest Rutherford,34,
vivre,Ernest Rutherford,30,
regarder,Ernest Rutherford,22,
penser,Bertrand Russell,4,
faire de la politique,Bertrand Russell,1,
parler,Bertrand Russell,1,
écrire,Bertrand Russell,1,
dormir,Bertrand Russell,1,
mourir,Bertrand Russell,1,
vivre,Bertrand Russell,6,
manger,Bertrand Russell,4,
dormir,Edward Sabine,4,
parler,Edward Sabine,4,
mourir,Edward Sabine,5,
vivre,Edward Sabine,2,
se reproduire,Edward Sabine,30,
manger,Edward Sabine,4,
parler,Wallace Clement Sabine,27,
mourir,Wallace Clement Sabine,32,
dormir,Wallace Clement Sabine,29,
vivre,Wallace Clement Sabine,30,
regarder,Wallace Clement Sabine,30,
dormir,Henri Sainte-Claire Deville,4,
parler,Henri Sainte-Claire Deville,4,
mourir,Henri Sainte-Claire Deville,5,
vivre,Henri Sainte-Claire Deville,2,
se reproduire,Henri Sainte-Claire Deville,30,
dormir,Erwin Schrödinger,17,
mourir,Erwin Schrödinger,17,
parler,Erwin Schrödinger,30,
vivre,Erwin Schrödinger,26,
se reproduire,Erwin Schrödinger,2,
dormir,Paul Schützenberger,4,
parler,Paul Schützenberger,4,
mourir,Paul Schützenberger,5,
vivre,Paul Schützenberger,2,
se reproduire,Paul Schützenberger,30,
manger,Paul Schützenberger,4,
mourir,Laurent Schwartz,2,
parler,Laurent Schwartz,1,
se reproduire,Laurent Schwartz,22,
vivre,Laurent Schwartz,9,
manger,Laurent Schwartz,4,
se reproduire,Christopher Latham Sholes,30,
parler,Christopher Latham Sholes,30,
mourir,Christopher Latham Sholes,30,
dormir,Christopher Latham Sholes,30,
vivre,Christopher Latham Sholes,30,
manger,Christopher Latham Sholes,4,
parler,George Stephenson,1,
dormir,George Stephenson,1,
mourir,George Stephenson,1,
vivre,George Stephenson,2,
se reproduire,George Stephenson,30,
manger,George Stephenson,4,
dormir,William Henry Fox Talbot,4,
parler,William Henry Fox Talbot,4,
mourir,William Henry Fox Talbot,5,
vivre,William Henry Fox Talbot,2,
se reproduire,William Henry Fox Talbot,30,
manger,William Henry Fox Talbot,4,
vivre,Nikola Tesla,30,
se reproduire,Nikola Tesla,30,
parler,Nikola Tesla,30,
mourir,Nikola Tesla,30,
dormir,Nikola Tesla,30,
dormir,Joseph John Thomson,40,
parler,Joseph John Thomson,27,
mourir,Joseph John Thomson,30,
vivre,Joseph John Thomson,30,
regarder,Joseph John Thomson,10,
dormir,Evangelista Torricelli,17,
mourir,Evangelista Torricelli,17,
parler,Evangelista Torricelli,17,
vivre,Evangelista Torricelli,30,
se reproduire,Evangelista Torricelli,30,
regarder,Evangelista Torricelli,2,
parler,Charles Townes,1,
dormir,Charles Townes,1,
mourir,Charles Townes,1,
étudier,Alan Mathison Turing,17,
penser,Alan Mathison Turing,17,
dormir,Alan Mathison Turing,17,
vivre,Alan Mathison Turing,17,
se reproduire,Alan Mathison Turing,17,
mourir,Alan Mathison Turing,17,
parler,Alan Mathison Turing,17,
travailler,Alan Mathison Turing,17,
écrire,Alan Mathison Turing,30,
regarder,Alan Mathison Turing,22,
calculer,Alan Mathison Turing,7,
faire une démonstration,Alan Mathison Turing,7,
faire des mathématiques,Alan Mathison Turing,7,
faire des maths,Alan Mathison Turing,7,
décrire,Paul-Émile Victor,30,
explorer,Paul-Émile Victor,30,
découvrir,Paul-Émile Victor,30,
parler,Paul-Émile Victor,4,
dormir,Paul-Émile Victor,1,
mourir,Paul-Émile Victor,2,
vivre,Paul-Émile Victor,29,
se reproduire,Paul-Émile Victor,22,
regarder,Paul-Émile Victor,1,
dormir,Alessandro Volta,17,
mourir,Alessandro Volta,17,
parler,Alessandro Volta,17,
vivre,Alessandro Volta,27,
se reproduire,Alessandro Volta,5,
regarder,Alessandro Volta,2,
parler,James Watt,1,
dormir,James Watt,1,
mourir,James Watt,1,
se reproduire,James Watt,5,
vivre,James Watt,4,
dormir,Karl Weierstrass,4,
parler,Karl Weierstrass,4,
mourir,Karl Weierstrass,4,
vivre,Karl Weierstrass,2,
se reproduire,Karl Weierstrass,30,
manger,Karl Weierstrass,4,
parler,Edward Witten,30,
mourir,Edward Witten,28,
dormir,Edward Witten,30,
vivre,Edward Witten,30,
vivre,Friedrich Wöhler,30,
se reproduire,Friedrich Wöhler,30,
parler,Friedrich Wöhler,30,
mourir,Friedrich Wöhler,30,
dormir,Friedrich Wöhler,30,
regarder,Friedrich Wöhler,30,
manger,Friedrich Wöhler,4,
exploser,bombe calorimétrique,30,
indiquer,boussole,51,
indiquer la bonne direction,boussole,35,
orienter,boussole,30,
aider,boussole,30,
exploser,bombe électromagnétique,30,
fonctionner,collimateur,30,
fonctionner,commutateur,30,
fonctionner,commutatrice,30,
compresser,compresseur,30,
fonctionner,compresseur,30,
fonctionner,condensateur,30,
vivre,convertisseur,3,
se reproduire,convertisseur,3,
parler,convertisseur,3,
mourir,convertisseur,3,
dormir,convertisseur,3,
fonctionner,convertisseur,30,
regarder,convertisseur,25,
fonctionner,dynamo,30,
fonctionner,électrovanne,30,
vivre,interrupteur,30,
se reproduire,interrupteur,30,
parler,interrupteur,30,
mourir,interrupteur,30,
dormir,interrupteur,30,
marcher,lampe,30,
éclairer,lampe,40,
consommer de l'électricité,lampe,30,
vivre,laser,30,
se reproduire,laser,30,
mourir,laser,30,
fonctionner,laser,30,
fonctionner,machine d'Atwood,30,
fonctionner,machine ditherme,30,
fonctionner,machine frigorifique,30,
fonctionner,machine de Wimshurst,30,
fonctionner,maser,30,
refléter,miroir,130,
éblouir,miroir,17,
briller,miroir,17,
fumer,moteur,60,
brouter,moteur,30,
ronfler,moteur,121,
caler,moteur,71,
vivre,moteur,30,
se reproduire,moteur,30,
parler,moteur,10,
mourir,moteur,10,
dormir,moteur,30,
rendre l'âme,moteur,30,
rugir,moteur,35,
ronronner,moteur,30,
prendre feu,moteur,40,
fonctionner,moteur,51,
avoir une défaillance,moteur,30,
exploser,moteur,30,
vrombir,moteur,51,
partir,moteur,30,
tourner au ralenti,moteur,30,
faire du bruit,moteur,30,
convertir l'énergie de combustion en énergie mécanique,moteur,40,
manger,moteur,4,
fonctionner,ordinateur,90,
dysfonctionner,ordinateur,85,
se bloquer,ordinateur,13,
calculer,ordinateur,13,
démarrer,ordinateur,13,
planter,ordinateur,33,
se planter,ordinateur,55,
composer,ordinateur,31,
laguer,ordinateur,30,
bugger,ordinateur,55,
rendre service,ordinateur,35,
redémarrer,ordinateur,55,
ne pas démarrer,ordinateur,50,
être en panne,ordinateur,30,
ne pas penser,ordinateur,30,
être chargé,ordinateur,30,
dormir,ordinateur,30,
parler,ordinateur,30,
mourir,ordinateur,30,
marcher,ordinateur,30,
chauffer,ordinateur,30,
surchauffer,ordinateur,40,
vivre,ordinateur,-15,
aller vite,ordinateur,30,
regarder,ordinateur,1,
manger,ordinateur,4,
vivre,pile électrique,30,
se reproduire,pile électrique,30,
parler,pile électrique,30,
mourir,pile électrique,30,
dormir,pile électrique,30,
fonctionner,pompe à chaleur,30,
rechercher,radar,52,
diverger,réacteur nucléaire,55,
fondre,réacteur nucléaire,30,
fonctionner,réacteur nucléaire,30,
refroidir,réfrigérateur,110,
prendre,réfrigérateur,17,
ranger,réfrigérateur,17,
givrer,réfrigérateur,17,
dégivrer,réfrigérateur,17,
couler,réfrigérateur,17,
fuir,réfrigérateur,17,
polluer,réfrigérateur,17,
rafraîchir,réfrigérateur,17,
surgeler,réfrigérateur,17,
décongeler,réfrigérateur,17,
nettoyer,réfrigérateur,17,
froid,réfrigérateur,17,
fraîcheur,réfrigérateur,17,
glace,réfrigérateur,17,
glaçon,réfrigérateur,17,
geler,réfrigérateur,17,
conserver,réfrigérateur,17,
rafraichir,réfrigérateur,17,
stocker,réfrigérateur,13,
garder,réfrigérateur,13,
faire du bruit,réfrigérateur,29,
réfrigérer,réfrigérateur,13,
être en panne,réfrigérateur,23,
fonctionner,réfrigérateur,30,
imager,scanner,30,
diagnostiquer,scanner,30,
radiographier,scanner,30,
scanner,hôte de caisse,30,
scanner,scanneur,13,
scanner,radiologue,34,
scanner,manipulateur en électroradiologie médicale,30,
dormir,scanner,30,
mourir,scanner,30,
parler,scanner,30,
se reproduire,scanner,30,
vivre,scanner,30,
marcher,scanner,5,
zoomer,télescope,30,
capter,télévision,56,
fonctionner,télévision,60,
faire dormir,télévision,71,
détendre,télévision,61,
gêner les voisins,télévision,30,
abrutir,télévision,40,
monter,thermomètre,5,
transformer,transformateur,110,
vivre,transformateur,30,
se reproduire,transformateur,30,
parler,transformateur,1,
mourir,transformateur,1,
dormir,transformateur,1,
fonctionner,triode,30,
fonctionner,turbine,30,
engendrer,inventeur,51,
imaginer,inventeur,80,
inventer,inventeur,80,
concevoir,inventeur,30,
saler,inventeur,61,
dormir,inventeur,17,
mourir,inventeur,17,
parler,inventeur,30,
vivre,inventeur,30,
se reproduire,inventeur,31,
mélanger,inventeur,51,
fabriquer,inventeur,30,
regarder,inventeur,30,
émerveiller,intelligence,24,
étonner,intelligence,24,
surprendre,intelligence,24,
impressionner,intelligence,24,
s'organiser,fête,70,
commencer,fête,54,
battre son plein,fête,30,
se fêter,fête,50,
mal tourner,fête,30,
gêner les voisins,fête,30,
coûter cher,fête,30,
vivre,Haemophilus influenzae,30,
se reproduire,Haemophilus influenzae,30,
mourir,Haemophilus influenzae,30,
soigner,médecine,30,
dormir,Boris Cyrulnik,17,
mourir,Boris Cyrulnik,17,
parler,Boris Cyrulnik,30,
publier,Boris Cyrulnik,30,
prescrire,Boris Cyrulnik,30,
questionner,Boris Cyrulnik,30,
prescrire un médicament,Boris Cyrulnik,30,
psychanalyser,Boris Cyrulnik,30,
interroger,Boris Cyrulnik,30,
écouter,Boris Cyrulnik,30,
soigner,Boris Cyrulnik,30,
écrire un livre,Boris Cyrulnik,30,
écrire,Boris Cyrulnik,30,
vivre,Boris Cyrulnik,30,
se reproduire,Boris Cyrulnik,30,
regarder,Boris Cyrulnik,30,
guérir,vaccin,120,
prémunir,vaccin,58,
soigner,vaccin,30,
juguler,économie,2,
tourner au ralenti,économie,40,
indiquer,hygromètre à cheveu,30,
vivre,bacille,17,
se reproduire,bacille,17,
mourir,bacille,17,
manger,bacille,37,
dormir,bacille,34,
se nourrir,bacille,31,
regarder,bacille,22,
spécifier,protocole de recherche,30,
préciser,protocole de recherche,30,
renseigner,protocole de recherche,30,
guider,protocole de recherche,30,
informer,protocole de recherche,30,
refroidir,frigo,130,
prendre,frigo,17,
être en panne,frigo,17,
faire du bruit,frigo,26,
réfrigérer,frigo,17,
garder,frigo,17,
ranger,frigo,17,
stocker,frigo,17,
givrer,frigo,17,
dégivrer,frigo,17,
couler,frigo,17,
fuir,frigo,17,
polluer,frigo,17,
rafraîchir,frigo,17,
surgeler,frigo,17,
décongeler,frigo,17,
nettoyer,frigo,17,
froid,frigo,17,
fraîcheur,frigo,17,
glace,frigo,17,
glaçon,frigo,17,
geler,frigo,13,
conserver,frigo,13,
rafraichir,frigo,13,
fonctionner,frigo,30,
prendre,frigidaire,17,
être en panne,frigidaire,17,
faire du bruit,frigidaire,17,
réfrigérer,frigidaire,17,
garder,frigidaire,17,
ranger,frigidaire,17,
stocker,frigidaire,17,
givrer,frigidaire,17,
dégivrer,frigidaire,17,
couler,frigidaire,17,
fuir,frigidaire,17,
polluer,frigidaire,17,
rafraîchir,frigidaire,17,
surgeler,frigidaire,17,
décongeler,frigidaire,17,
nettoyer,frigidaire,17,
froid,frigidaire,17,
fraîcheur,frigidaire,17,
glace,frigidaire,17,
glaçon,frigidaire,17,
geler,frigidaire,17,
conserver,frigidaire,17,
rafraichir,frigidaire,17,
fonctionner,frigidaire,30,
faire des ravages,SIDA,30,
se répliquer,SIDA,30,
faire des ravages,syndrome d'immunodéficience acquise,30,
se répliquer,syndrome d'immunodéficience acquise,30,
étudier,Alan Turing,17,
penser,Alan Turing,17,
dormir,Alan Turing,17,
vivre,Alan Turing,17,
se reproduire,Alan Turing,17,
mourir,Alan Turing,22,
parler,Alan Turing,14,
travailler,Alan Turing,13,
regarder,Alan Turing,22,
calculer,Alan Turing,7,
faire une démonstration,Alan Turing,7,
faire des mathématiques,Alan Turing,7,
faire des maths,Alan Turing,7,
écrire,Alan Turing,8,
amoindrir,maladie,170,
tuer,maladie,220,
édenter,maladie,70,
épuiser,maladie,60,
s'aggraver,maladie,130,
faire flipper,maladie,30,
donner des sueurs froides,maladie,30,
horrifier,maladie,30,
donner envie de vomir,maladie,61,
faire mal,maladie,61,
terroriser,maladie,71,
faire dormir,maladie,51,
affaiblir,maladie,66,
empirer,maladie,36,
se propager,maladie,35,
progresser,maladie,31,
interpeller,science citoyenne,17,
évoluer,science citoyenne,17,
promouvoir,science citoyenne,17,
rassembler,science citoyenne,17,
impliquer,science citoyenne,17,
progresser,science citoyenne,17,
sensibiliser,science citoyenne,17,
intéresser,science citoyenne,17,
stimuler,science citoyenne,17,
se développer,science citoyenne,17,
dynamiser,science citoyenne,17,
interpeller,sciences citoyennes,17,
évoluer,sciences citoyennes,17,
promouvoir,sciences citoyennes,17,
rassembler,sciences citoyennes,17,
impliquer,sciences citoyennes,17,
progresser,sciences citoyennes,17,
sensibiliser,sciences citoyennes,17,
intéresser,sciences citoyennes,17,
stimuler,sciences citoyennes,17,
se développer,sciences citoyennes,17,
dynamiser,sciences citoyennes,17,
décroître,lune,80,
graviter,lune,80,
luire,lune,60,
croître,lune,31,
monter,lune,38,
descendre,lune,30,
éclairer,lune,30,
tourner,lune,86,
soigner,Médecine,30,
enseigner,Mathématiques,30,
parler,Mathématiques,17,
mourir,Mathématiques,17,
dormir,Mathématiques,17,
vivre,Mathématiques,10,
vivre,Mathieu Lafourcade,17,
merder,Mathieu Lafourcade,17,
inventer,Mathieu Lafourcade,17,
créer,Mathieu Lafourcade,17,
punir,Mathieu Lafourcade,17,
déconner,Mathieu Lafourcade,17,
plaisanter,Mathieu Lafourcade,17,
faire des fautes,Mathieu Lafourcade,17,
draguer,Mathieu Lafourcade,17,
gronder,Mathieu Lafourcade,17,
se reproduire,Mathieu Lafourcade,30,
aimer,Mathieu Lafourcade,17,
manger,Mathieu Lafourcade,17,
étudier,Mathieu Lafourcade,17,
rire,Mathieu Lafourcade,17,
chercher,Mathieu Lafourcade,17,
travailler,Mathieu Lafourcade,17,
dormir,Mathieu Lafourcade,17,
mourir,Mathieu Lafourcade,17,
parler,Mathieu Lafourcade,14,
jouer,Mathieu Lafourcade,13,
faire de la recherche,Mathieu Lafourcade,13,
organiser,Mathieu Lafourcade,13,
corriger des copies,Mathieu Lafourcade,13,
ronfler,Mathieu Lafourcade,13,
corriger,Mathieu Lafourcade,13,
lire,Mathieu Lafourcade,13,
programmer,Mathieu Lafourcade,13,
écrire,Mathieu Lafourcade,13,
enseigner,Mathieu Lafourcade,13,
gueuler,Mathieu Lafourcade,13,
péter un plomb,Mathieu Lafourcade,30,
rédiger,Mathieu Lafourcade,13,
penser,Mathieu Lafourcade,13,
réfléchir,Mathieu Lafourcade,13,
groumfer,Mathieu Lafourcade,30,
avoir de la suite dans les idées,Mathieu Lafourcade,30,
ménager la chèvre et le chou,Mathieu Lafourcade,30,
ménager les susceptibilités,Mathieu Lafourcade,30,
faire un compromis,Mathieu Lafourcade,30,
péter les plombs,Mathieu Lafourcade,30,
fumer,Mathieu Lafourcade,10,
regarder,Mathieu Lafourcade,2,
se diversifier,progrès scientifique,30,
s'étoffer,progrès scientifique,30,
permettre,progrès scientifique,30,
étonner,progrès scientifique,30,
s'étendre,progrès scientifique,30,
rendre possible,progrès scientifique,30,
modifier,progrès scientifique,30,
améliorer,progrès scientifique,30,
stupéfier,progrès scientifique,30,
lyser,particule virale,30,
contaminer,particule virale,30,
infecter,particule virale,30,
lyser,virion,30,
contaminer,virion,30,
infecter,virion,30,
composer,IA,31,
raisonner,IA,50,
apprendre,IA,60,
dire des conneries,IA,30,
avoir tord,IA,30,
inférer,IA,30,
avoir raison,IA,30,
penser,IA,35,
faire des déductions,IA,55,
faire une déduction,IA,50,
passer le test de Turing,IA,30,
avoir réponse à tout,IA,19,
contrarier,IA,30,
faire chier,IA,30,
poser des questions,IA,30,
donner des réponses,IA,30,
rendre service,IA,30,
faire dormir,physiologie,51,
infecter,=virion=,30,
contaminer,=virion=,30,
lyser,=virion=,30,
se dégrader,météo,40,
