astronomie,lycée,43
planète,astronomie,59
biologie,université,108
biologie,classe,78
biologie,laboratoire,98
biologie,livre,78
biologie,fac,78
biologie,lycée,78
biologie,collège,78
biologie,école,78
biologie,squelette,-3
biologie,labo,36
biologie,patient,25
éléphant,savane,619
éléphant,zoo,168
éléphant,Asie,188
éléphant,Afrique,190
éléphant,cirque,138
éléphant,brousse,78
éléphant,parc zoologique,101
trompe,éléphant,78
éléphant,magasin de porcelaine,78
éléphant,jungle,80
pattes d'éléphant,éléphant,58
éléphant,arbre,-5
éléphant,maison,-5
éléphant,forêt,53
éléphant,Europe,-25
éléphant,élevage,4
éléphant,terrier,40
éléphant,champ,42
éléphant,cage,-10
éléphant,nature,5
éléphant,clown,38
éléphant,Éthiopie,31
éléphant,Afrique du sud,29
éléphant,Namibie,34
éléphant,Afrique du Sud,31
éléphant,afrique du sud,7
éléphant,France,15
éléphant,rizière,35
soldat,éléphant,6
homme,éléphant,6
cornac,éléphant,6
personne,éléphant,6
éléphant,Æthiopie,6
queue,éléphant,6
calcaire,eau,88
calcaire,montagne,78
calcaire,pays de Caux,38
calcaire,Pays de Caux,1
psychologie,cabinet,318
psychologie,clinique,318
psychologie,université,328
psychologie,laboratoire,318
psychologie,fac,318
psychologie,faculté,318
psychologie,livre,308
psychologie,hôpital,311
psychologie,école,311
psychologie,hosto,301
psychologie,labo,301
psychologie,hospital,6
psychologie,=hospital=,3
révolution,France,88
révolution,monde,78
révolution,Amérique,78
peuple,révolution,78
indépendance,révolution,78
révolution,rue,88
révolution,pays,78
révolution,ville,78
lumière,maison,78
lumière,soleil,88
lumière,lampe,118
luminescence,lumière,128
lumière,lampadaire,78
lumière,phare,88
lumière,espace,10
lumière,galaxie,10
lumière,ciel,10
lumière,plage,2
lumière,vélo,38
lumière,girophare,38
lumière,ver luisant,38
lumière,clairière,38
lumière,luciole,38
lumière,carrousel,26
lumière,gyrophare,30
lumière,organe,6
lumière,cave,6
=luminescence=,lumière,59
téléphone,bureau,138
téléphone,rue,108
téléphone,voiture,108
téléphone,maison,108
communication,téléphone,118
téléphone,chambre,78
fil,téléphone,98
téléphone,poche,88
téléphone,sac,78
téléphone,cabine,108
ligne,téléphone,98
téléphone,salon,98
bis,téléphone,53
client,téléphone,5
rail,téléphone,-5
divorce,téléphone,89
téléphone,salle de rédaction,38
téléphone,poche de pantalon,48
téléphone,poche de manteau,38
téléphone,entreprise,38
téléphone,chambre d'hôtel,38
téléphone,table de chevet,38
téléphone,autoroute,38
téléphone,sac à main,298
téléphone,train,28
téléphone,préfecture,29
téléphone,hôpital,35
téléphone,étagère,27
téléphone,hosto,35
téléphone,main,31
téléphone,cabine téléphonique,43
téléphone,bureau de poste,28
téléphone,standard,34
téléphone,réception,31
téléphone,mur,34
téléphone,hospital,6
téléphone,cuvette des toilettes,26
téléphone,=hospital=,3
téléphone,étui,10
recherche,université,141
recherche,faculté,78
recherche,laboratoire,110
recherche,institut,79
recherche,collège,2
recherche,cours,-9
recherche,école,-10
recherche,labo,31
cosmonaute,espace,88
monde,espace,78
fusée,espace,228
lune,espace,128
planète,espace,108
satellite,espace,108
tout,espace,88
ciel,espace,128
particule,espace,78
être,espace,78
espace,planète,78
espace,univers,98
espace,ciel,99
galaxie,espace,88
vide,espace,198
dehors,espace,78
espace,système solaire,78
soleil,espace,78
espace,galaxie,88
espace,infini,78
étoile,espace,148
univers,espace,78
espace,voie lactée,78
espace,monde,88
mouvement,espace,78
astre,espace,7
lumière,espace,10
nature,espace,1
Space Marine,espace,63
vaisseau spatial,espace,53
mulet,espace,-13
Ariane,espace,-19
engin,espace,53
espace,désert,5
espace,cosmos,10
espace,dehors,10
Erriapus,espace,-5
Épiméthée,espace,6
trou noir,espace,38
système solaire,espace,38
véhicule spatial,espace,47
naine blanche,espace,34
Lune,espace,26
étoile géante rouge,espace,30
supergéante rouge,espace,28
Système solaire,espace,38
espace,Voie lactée,1
espace,Système solaire,1
Nuages de Magellan,espace,26
sida,corps,55
terminologie,tête,-5
terminologie,région,-1
vivant,partout,78
vivant,terre,78
vivant,maternité,0
vivant,trottoir,7
vivant,cuisine,3
vivant,serre,10
scientifique,Université Montpellier II,31
botaniste,Jardin des Plantes,38
botaniste,formation végétale,38
trèfle,botaniste,79
botaniste,forêt,6
chercheur,université,228
chercheur,salle,78
chercheur,bureau,78
chercheur,laboratoire,238
chercheur,labo,145
chercheur,centre de recherche,90
chercheur,faculté,128
chercheur,fac,108
chercheur,CNRS,111
chercheur,école,88
chercheur,conférence,88
chercheur,formation végétale,38
chercheur,LIRMM,38
microscope,chercheur,66
chercheur,C.N.R.S,35
chercheur,Centre national de la recherche scientifique,30
chercheur,centre national de la recherche scientifique,31
chercheur,cnrs,30
chercheur,séminaire,16
chercheur,laboratoire de recherche,56
cryptologue,voiture,-3
cryptologue,magasin,-2
cryptologue,rue,-1
physicien,laboratoire,56
physicien,université,46
physicien,faculté,26
physicien,faculté des sciences,65
physicien,labo,26
physicien,Faculté des sciences,2
sociologue,voiture,2
arithmétique,livre,-5
biochimie,université,90
biochimie,laboratoire,81
biochimie,science,78
biochimie,école,78
biochimie,Science,29
biochimie,labo,26
biochimie,=science=,3
biochimie,patient,25
chimie,usine,88
chimie,industrie,78
chimie,laboratoire,88
proton,chimie,78
chimie,lycée,78
mole,chimie,78
science,chimie,1
chimie,labo,35
chimie,tête,32
=proton=,chimie,70
chimie organique,institut,2
électricité,centrale,188
électricité,pile,128
électricité,batterie,118
électricité,transformateur,148
électricité,prise,158
électricité,centrale nucléaire,88
électricité,câble,88
électricité,fil,118
électricité,lampe,168
électricité,accumulateur,78
électricité,ampoule,78
électricité,barrage,88
électricité,fil électrique,78
électricité,air,78
électricité,compteur,79
électricité,cosmos,6
électricité,cable,38
électronique,laboratoire,-13
puces,électronique,79
électronique,télévision,38
géographie,carte,98
géographie,collège,88
géographie,lycée,98
géographie,école,88
géographie,cours,78
géographie,atlas,88
géographie,livre,88
géographie,fac,78
géographie,terre,2
Lille,géographie,1
Puy-de-Dôme,géographie,51
géographie,Belgique,1
informatique,ordinateur,78
informatique,usine,78
informatique,bureau,78
réseau,informatique,78
bogue,informatique,108
algorithme,informatique,138
puces,informatique,79
has been,informatique,-61
=algorithm=,informatique,135
algorithm,informatique,20
graphe,mathématique,53
opération,mathématiques,88
nombre,mathématiques,78
mathématiques,école,88
mathématiques,université,88
mathématiques,lycée,88
mathématiques,livre,88
mathématiques,faculté,78
mathématiques,bureau,78
mathématiques,cahier,78
numéro,mathématiques,4
défini,mathématiques,78
quantité,mathématiques,1
ophtalmologie,laboratoire,59
ophtalmologie,hôpital,53
ophtalmologie,clinique,54
ophtalmologie,hopital,59
ophtalmologie,cabinet,53
ophtalmologie,hosto,29
ophtalmologie,labo,32
ophtalmologie,hospital,6
ophtalmologie,=hospital=,3
paléographie,laboratoire,-10
proton,physique,88
physique,livre,88
physique,école,118
physique,laboratoire,138
physique,collège,128
physique,université,128
physique,lycée,148
physique,cours,88
neutron,physique,78
physique,faculté,78
physique,labo,88
physique,gymnase,78
physique,stade,88
particule,physique,78
=proton=,physique,70
=neutron=,physique,53
toxicologie,patient,25
Charles Berling,Marie Curie,25
George Eastman,Absurd,35
George Eastman,Monster Hunter,35
George Eastman,Rosso Sangue,32
George Eastman,Baba Yaga,34
George Eastman,La rivincita di Natale,25
George Eastman,Atomic Cyborg,25
George Eastman,Delirium,25
Cana,Galilée,27
Jacques Gamblin,Hippocrate,34
Marianne Denicourt,Hippocrate,27
Vincent Lacoste,Hippocrate,31
Félix Moati,Hippocrate,25
Reda Kateb,Hippocrate,25
Frédéric Joliot-Curie,la bataille de l'eau lourde,25
ADN,Henri Poincaré,80
Alan Mathison Turing,Angleterre,110
fréquence,antenne,78
antenne,ventre,-5
antenne,toit,38
antenne,luciole,38
boussole,poche,118
boussole,navire,88
boussole,bateau,108
est,boussole,78
nord,boussole,110
sud,boussole,98
boussole,mer,78
ouest,boussole,78
boussole,sac,78
orientation,boussole,2
boussole,sac à dos,29
boussole,sacoche,31
=sud=,boussole,96
=ouest=,boussole,60
=nord=,boussole,57
boussole,bâtiment,2
capsule manométrique,fanfare,-4
diaphragme,vagin,38
hernie de Bochdalek,diaphragme,38
diaphragme,bassin,26
hernie congénitale du diaphragme,diaphragme,27
hernie diaphragmatique congénitale,diaphragme,27
rupture diaphragmatique,diaphragme,87
signe du collier,diaphragme,32
paralysie du nerf phrénique,diaphragme,6
eventrations diaphragmatiques,diaphragme,30
Éventration du diaphragme,diaphragme,35
Éventration diaphragmatique,diaphragme,28
éventration diaphragmatique,diaphragme,29
diaphragmatite,diaphragme,31
ptose du diaphragme,diaphragme,27
hernies hiatales,diaphragme,34
hernie hiatale oesophagienne,diaphragme,32
hernie h,diaphragme,26
Bergmann,diaphragme,34
hernie hiatale,diaphragme,35
hernie diaphragmatique,diaphragme,32
hernies diaphragmatiques,diaphragme,32
hernie du diaphragme,diaphragme,34
hernie traumatique du diaphragme,diaphragme,30
hernie diaphragmatique traumatique,diaphragme,32
HDT,diaphragme,30
hernies diaphragmatiques traumatiques,diaphragme,26
hernie diaphragmatique post-traumatique,diaphragme,30
myoclonie phrénoglottique,diaphragme,34
hoquet,diaphragme,32
hoquets,diaphragme,35
hoquet psychogène,diaphragme,32
paralysie respiratoire,diaphragme,29
paralysies d'un muscle respiratoire,diaphragme,32
paralysie diaphragmatique,diaphragme,29
paralysies de muscles respiratoires,diaphragme,27
paralysie de muscles respiratoires,diaphragme,34
paralysie d'un muscle respiratoire,diaphragme,32
paralysie des muscles respiratoires,diaphragme,27
paralysie du diaphragme,diaphragme,30
paralysies des muscles respiratoires,diaphragme,31
maladie du diaphragme,diaphragme,34
affections du diaphragme,diaphragme,40
maladies du diaphragme,diaphragme,35
affection diaphragmatique,diaphragme,31
affections diaphragmatiques,diaphragme,35
hernie diaphragmatique gangréneuse,diaphragme,42
hernie diaphragmatique avec gangrène,diaphragme,28
hernie diaphragmatique gangreneuse,diaphragme,45
anomalie congénitale du diaphragme,diaphragme,31
anomalies congénitales du diaphragme,diaphragme,28
lésion du diaphragme avec plaie ouverte de la cavité,diaphragme,32
lésion traumatique du diaphragme avec plaie ouverte de la cavité thoracique,diaphragme,28
aplasie diaphragmatique,diaphragme,27
aplasie du diaphragme,diaphragme,27
mouvement normal du diaphragme,diaphragme,35
mouvement diaphragmatique normal,diaphragme,32
mouvement diaphragmatique anormal,diaphragme,28
mouvement anormal du diaphragme,diaphragme,29
mouvement diaphragmatique paradoxal,diaphragme,42
mouvement paradoxal du diaphragme,diaphragme,26
spasmes du diaphragme,diaphragme,29
spasmes diaphragmatiques,diaphragme,29
convulsion tonique du diaphragme,diaphragme,29
spasme tonique du diaphragme,diaphragme,27
tonisme diaphragmatique,diaphragme,34
hernie hiatale congénitale,diaphragme,30
hernie du diaphragme congénitale,diaphragme,34
rupture du diaphragme,diaphragme,69
Hedblom,diaphragme,32
diaphragmatite primitive aiguë,diaphragme,29
perforation du diaphragme,diaphragme,29
relâchement du diaphragme,diaphragme,42
relâchement diaphragmatique,diaphragme,36
diaphragme surélevé,diaphragme,29
surélévation diaphragmatique,diaphragme,28
surélévation du diaphragme,diaphragme,26
kyste diaphragmatique,diaphragme,27
adhérence du diaphragme,diaphragme,32
abcès intradiaphragmatique,diaphragme,27
eventration congénitale du diaphragme,diaphragme,34
estomac intrathoracique,diaphragme,34
hernie hiatale par roulement,diaphragme,34
hernie hiatale paraoesophagienne,diaphragme,26
hernie para-oesophagienne,diaphragme,27
hernie gastro-oesophagienne,diaphragme,27
estomac thoracique gangréneux,diaphragme,34
hernie para-oesophagienne gangréneuse,diaphragme,35
estomac intrathoracique nécrosé,diaphragme,28
hernie diaphragmatique avec gangrène et occlusion,diaphragme,30
estomac intrathoracique nécrosé avec occlusion,diaphragme,32
hernie para-oesophagienne avec gangrène et occlusion,diaphragme,29
estomac thoracique gangréneux avec occlusion,diaphragme,34
hernie diaphragmatique avec occlusion sans gangrène,diaphragme,26
hernie para-oesophagienne avec occlusion sans gangrène,diaphragme,34
estomac intrathoracique avec occlusion sans gangrène,diaphragme,35
hernie para-oesophagienne étranglée,diaphragme,35
hernie para-oesophagienne irréductible,diaphragme,28
lésion traumatique du diaphragme sans plaie ouverte de la cavité thoracique,diaphragme,40
tumeur maligne du diaphragme,diaphragme,34
tumeur maligne diaphragmatique,diaphragme,35
blessure diaphragmatique,diaphragme,27
lésion traumatique d'autres organes intrathoraciques précisés,diaphragme,28
faiblesse musculaire diaphragmatique,diaphragme,35
parésie diaphragmatique,diaphragme,28
parésie du diaphragme,diaphragme,41
tumeur bénigne du diaphragme,diaphragme,26
tumeur bénigne diaphragmatique,diaphragme,30
tumeur métastatique diaphragmatique,diaphragme,40
tumeur secondaire du diaphragme,diaphragme,41
tumeur secondaire diaphragmatique,diaphragme,37
tumeur métastatique du diaphragme,diaphragme,44
hernie diaphragmatique avec obstruction,diaphragme,41
hernie diaphragmatique obstructive,diaphragme,30
tumeur du diaphragme,diaphragme,34
=congenital posterolateral diaphragmatic hernia=,diaphragme,34
=diaphragmatic finding=,diaphragme,34
=defect of diaphragm=,diaphragme,30
=congenital hernia of foramen of morgagni=,diaphragme,27
=congenital hernia of foramen of bochdalek=,diaphragme,35
=congenital eventration of right crus of diaphragm=,diaphragme,41
=congenital eventration of left crus of diaphragm=,diaphragme,31
=traumatic rupture of diaphragm=,diaphragme,29
=diaphragmatic trichiniasis=,diaphragme,34
=simple diaphragmatic hernia=,diaphragme,27
=irreducible diaphragmatic hernia=,diaphragme,30
=rolling hiatus hernia with gastric volvulus=,diaphragme,27
=closed injury of diaphragm=,diaphragme,29
=open injury of diaphragm=,diaphragme,31
=complicated diaphragmatic hernia=,diaphragme,26
=postoperative rupture of the diaphragm=,diaphragme,26
=neoplasm of uncertain behavior of diaphragm=,diaphragme,26
=lian-siguer-welti syndrome=,diaphragme,38
=relaxation of diaphragm=,diaphragme,36
lésion traumatique du diaphragme,diaphragme,27
malformation congénitale du diaphragme,diaphragme,35
diaphragme,=vagina=,3
=rupture of diaphragm=,diaphragme,85
chaud,étuve,98
électricité,fil électrique,78
courant,fil électrique,53
moineau,fil électrique,53
tourterelle,fil électrique,53
grand ara vert,fil électrique,5
palombe,fil électrique,-3
autour,fil électrique,-30
organiste à ventre marron,fil électrique,-4
prise,fil électrique,41
fil électrique,lampe,38
pigeon de roche,fil électrique,35
bruant à face noire,fil électrique,2
fauvette d'hiver,fil électrique,2
ani,fil électrique,2
méliphage à sourcils noirs,fil électrique,1
onoré,fil électrique,1
ibis géant,fil électrique,1
zostérops des Seychelles,fil électrique,1
phaéton à brins rouges,fil électrique,1
macareux moine,fil électrique,2
oiseau,fil électrique,29
pigeon,fil électrique,31
corbeau,fil électrique,31
anserelle de Coromandel,fil électrique,-25
autruche,fil électrique,-10
générateur,ordinateur,31
goniomètre,barre,-5
goniomètre,roof,-4
goniomètre,cabine,9
goniomètre,PC,-5
goniomètre,bateau,3
gyroscope,éolienne,37
gyroscope,maison,-10
gyroscope,station,34
gyroscope,cabine,74
gyroscope,station météo,74
gyroscope,aéroport,74
gyroscope,cambuse,74
gyroscope,voiture,74
gyroscope,avion,74
gyroscope,navire,74
gyroscope,bâtiment,2
interrupteur,pièce,98
interrupteur,maison,78
interrupteur,mur,88
interrupteur,entrée,78
interrupteur,chambre,53
interrupteur,appartement,53
interrupteur,lampe,63
luminescence,lampe,238
ampoule,lampe,622
lumière,lampe,118
fil,lampe,108
huile,lampe,88
lampe,bureau,98
lampe,chambre,88
lampe,salon,98
lampe,table de chevet,88
électricité,lampe,168
interrupteur,lampe,63
savant,lampe,-2
moustique,lampe,63
génie,lampe,63
huile d'olive,lampe,10
flamme,lampe,38
lampe,salle à manger,38
lampe,agence de renseignement,38
lampe,pièce,38
lampe,dortoir,38
lampe,bibliothèque,38
prise,lampe,38
culot,lampe,38
gaz,lampe,39
mèche,lampe,38
fil électrique,lampe,38
lampe,tente,38
lueur,lampe,38
abat-jour,lampe,38
pied,lampe,39
douille,lampe,38
filament,lampe,38
verre,lampe,38
pétrole,lampe,38
pile,lampe,38
lampe,piano,6
lampe,cave,6
lampe,pétrole,34
=luminescence=,lampe,54
lampe,étagère,3
laser,laboratoire,40
microcalorimètre,bouche,-1
beauté,miroir,98
regard,miroir,88
visage,miroir,158
reflet,miroir,181
miroir,salle de bain,63
miroir,chambre,53
image,miroir,38
miroir,barbier,38
verre,miroir,38
miroir,sac à main,268
miroir,salle de bains,35
miroir,salon,6
miroir,pièce,7
miroir,sac,3
huile,moteur,118
liquide,moteur,78
explosion,moteur,78
moteur,camion,88
moteur,avion,78
moteur,voiture,98
moteur,moto,88
pompe,moteur,78
carburant,moteur,78
turbine,moteur,128
roue dentée,moteur,53
sauce,moteur,-10
huile de palme,moteur,53
huile de palmiste,moteur,53
moteur,morutier,38
moteur,zodiac,38
moteur,jaguar,38
moteur,yacht,38
moteur,barrage,38
moteur,navire,38
moteur,pompe,38
moteur,garage,38
moteur,carrousel,27
moteur,CX,30
moteur,cargo,6
moteur,Titanic,6
moteur,petite voiture,6
huile minérale,moteur,41
moteur,bâtiment,2
mémoire,ordinateur,138
informatique,ordinateur,78
connexion,ordinateur,88
processeur,ordinateur,98
clavier,ordinateur,158
logiciel,ordinateur,178
réseau,ordinateur,88
ordinateur,bureau,107
ordinateur,table,110
erreur,ordinateur,88
virus,ordinateur,108
ordinateur,maison,78
ordinateur,entreprise,118
ordinateur,chambre,78
souris,ordinateur,88
photo,ordinateur,78
écran,ordinateur,138
jeu,ordinateur,83
ordinateur,LIRMM,63
carte graphique,ordinateur,53
carte mère,ordinateur,178
astuce,ordinateur,2
mulot,ordinateur,78
disque dur,ordinateur,63
petit mot,ordinateur,53
bogue,ordinateur,148
pièce jointe,ordinateur,5
caméra,ordinateur,88
ordinateur,laboratoire,63
ordinateur,avion,53
ventilateur,ordinateur,53
plastique,ordinateur,53
Linux,ordinateur,63
algorithme,ordinateur,138
LibreOffice,ordinateur,53
fenêtre,ordinateur,78
Netscape Navigator,ordinateur,53
Firefox,ordinateur,53
boulette,ordinateur,-10
toile,ordinateur,-10
algorithme de tri,ordinateur,-5
écran plat,ordinateur,-5
coronavirus,ordinateur,-5
jeu sérieux,ordinateur,62
serious game,ordinateur,62
rage,ordinateur,41
PJ,ordinateur,2
police judiciaire,ordinateur,2
virus informatique,ordinateur,53
ordinateur,agence de renseignement,38
ordinateur,salle de rédaction,38
ordinateur,internet,38
alimentation,ordinateur,38
fils,ordinateur,38
fichier,ordinateur,38
programme,ordinateur,38
prise,ordinateur,38
jeux,ordinateur,38
système d'exploitation,ordinateur,39
octet,ordinateur,38
kilo-octet,ordinateur,38
mémoire vive,ordinateur,38
lecteur,ordinateur,38
cable,ordinateur,38
ordinateur,travail,38
ordinateur,bibliothèque,38
modem,ordinateur,38
disquette,ordinateur,38
carte son,ordinateur,38
RAM,ordinateur,38
carte,ordinateur,38
QuickTime,ordinateur,46
Safari,ordinateur,46
Aperture,ordinateur,47
AppleWorks,ordinateur,47
FileMaker Pro,ordinateur,46
FileMerge,ordinateur,46
HyperCard,ordinateur,46
iCal,ordinateur,46
iChat,ordinateur,46
Logic Pro,ordinateur,47
SimpleText,ordinateur,46
Soundtrack Pro,ordinateur,47
TextEdit,ordinateur,46
WebCore,ordinateur,46
WebObjects,ordinateur,46
Xcode,ordinateur,46
navigateur Web,ordinateur,47
Internet Explorer,ordinateur,47
XPress,ordinateur,46
Cordial,ordinateur,47
navigateur web,ordinateur,47
Mozilla,ordinateur,47
eMule,ordinateur,47
Messenger,ordinateur,47
Adium,ordinateur,46
iTunes,ordinateur,48
ASP,ordinateur,51
logiciel propriétaire,ordinateur,46
Vocaloid,ordinateur,46
spyware,ordinateur,47
Skype,ordinateur,47
Outlook,ordinateur,47
Thunderbird,ordinateur,46
client de messagerie,ordinateur,46
logiciel libre,ordinateur,47
open office,ordinateur,47
détecteur de plagiat,ordinateur,46
Steam,ordinateur,46
PowerPoint,ordinateur,47
Diaspora,ordinateur,47
FileZilla,ordinateur,46
cyberarme,ordinateur,47
VLC,ordinateur,46
Dropbox,ordinateur,46
rançongiciel,ordinateur,46
logiciel privateur,ordinateur,47
gratuiciel,ordinateur,46
intergiciel,ordinateur,46
publiciel,ordinateur,46
graticiel,ordinateur,46
shareware,ordinateur,46
micrologiciel,ordinateur,46
TeamSpeak,ordinateur,46
logiciel professionnel,ordinateur,47
Photoshop,ordinateur,47
logiciel malveillant,ordinateur,47
traitement de texte,ordinateur,47
BitTorrent,ordinateur,46
FreeBSD,ordinateur,46
Ice Cream Sandwich,ordinateur,47
Excel,ordinateur,47
ver informatique,ordinateur,46
logiciel contributif,ordinateur,46
logiciel antivirus,ordinateur,46
robogiciel,ordinateur,46
bot informatique,ordinateur,46
VLC media player,ordinateur,46
abdomen sans préparation,ordinateur,42
logiciel gratuit,ordinateur,44
logiciel informatique,ordinateur,44
logiciel publicitaire,ordinateur,44
logiciel pédagogique,ordinateur,44
logiciel non libre,ordinateur,44
logiciel médiateur,ordinateur,44
logiciel ludo-éducatif,ordinateur,44
logiciel abandonné,ordinateur,44
logiciel harcelant,ordinateur,44
logiciel client,ordinateur,44
logiciel de comptabilité,ordinateur,44
logiciel de groupe de travail,ordinateur,44
logiciel de navigation,ordinateur,44
logiciel de vérification de schéma,ordinateur,44
logiciel espion,ordinateur,44
logiciel à contribution,ordinateur,44
Word,ordinateur,42
Active Server Pages,ordinateur,41
kilooctet,ordinateur,38
Exodus,ordinateur,28
radiographie de l'abdomen sans préparation,ordinateur,42
ordinateur,labo,31
logiciel convivial,ordinateur,35
logiciel musical,ordinateur,32
logiciel de gestion,ordinateur,29
logiciel de gestion de réseau,ordinateur,28
logiciel de gestion de courrier,ordinateur,34
logiciel de capture de séquences vidéo,ordinateur,31
logiciel d'infographie,ordinateur,26
logiciel de sauvegarde automatique,ordinateur,32
logiciel de correction de fautes d'orthographe,ordinateur,38
Adobe Acrobat Reader,ordinateur,28
Adobe Reader,ordinateur,27
virus polymorphe,ordinateur,27
composeur de numéro,ordinateur,30
photoshop,ordinateur,32
Microsoft Excel,ordinateur,27
logiciel à la demande,ordinateur,34
espiogiciel,ordinateur,32
progiciel,ordinateur,34
logiciel de représentation graphique,ordinateur,27
logiciel de traitement de texte,ordinateur,26
logiciel intelligent,ordinateur,31
logiciel d'exploitation,ordinateur,29
contribuciel,ordinateur,26
OpenOffice,ordinateur,26
câble,ordinateur,36
logiciel portable,ordinateur,38
Apache,ordinateur,47
Cleverbot,ordinateur,26
logiciel de chat,ordinateur,30
machine virtuelle,ordinateur,37
malware,ordinateur,26
logiciel de calcul formel,ordinateur,26
Maple,ordinateur,34
abandonware,ordinateur,34
navigateur,ordinateur,26
portier,ordinateur,30
trackware,ordinateur,27
solveur,ordinateur,31
plugiciel,ordinateur,30
tableur,ordinateur,26
pricer,ordinateur,30
bombe logique,ordinateur,39
visionneur,ordinateur,34
obésiciel,ordinateur,30
synergiciel,ordinateur,34
logiciel trafiqué,ordinateur,29
didacticiel,ordinateur,34
routeur,ordinateur,27
organiseur,ordinateur,29
fumiciel,ordinateur,26
éditeur,ordinateur,30
application monoposte,ordinateur,27
analyseur de paquets,ordinateur,28
caritaticiel,ordinateur,35
courrielleur,ordinateur,28
hyperviseur de stockage,ordinateur,27
boufficiel,ordinateur,27
logiciel-socle,ordinateur,29
MTA,ordinateur,27
charityware,ordinateur,26
logiciel de gestion de versions,ordinateur,34
groupiciel,ordinateur,32
robot,ordinateur,26
partagiciel,ordinateur,26
superviseur,ordinateur,28
collecticiel,ordinateur,27
surcouche,ordinateur,26
traducteur de test,ordinateur,34
antispam,ordinateur,28
antibot,ordinateur,29
aspirateur de site web,ordinateur,34
logiciel libérateur,ordinateur,37
pseudovirus,ordinateur,35
éditeur de liens,ordinateur,31
grogiciel,ordinateur,32
inflagiciel,ordinateur,29
dentascan,ordinateur,35
MediaWiki,ordinateur,31
clone,ordinateur,41
grapheur,ordinateur,35
MRP,ordinateur,28
économiseur,ordinateur,30
générateur,ordinateur,31
agrégateur,ordinateur,30
publipostage,ordinateur,30
antivirus,ordinateur,26
composeur,ordinateur,26
abandogiciel,ordinateur,28
agenda électronique,ordinateur,40
pubiciel,ordinateur,27
désinstalleur,ordinateur,29
transpiler,ordinateur,31
autorépondeur,ordinateur,31
careware,ordinateur,28
MDA,ordinateur,37
utilitaire,ordinateur,35
anagrammeur,ordinateur,30
reposteur,ordinateur,31
coupefeu,ordinateur,28
démo,ordinateur,27
serveur web,ordinateur,39
annonciel,ordinateur,39
concordancier,ordinateur,40
détecteur de virus,ordinateur,28
chiffrier,ordinateur,26
isolateur,ordinateur,34
révision,ordinateur,34
cheval de Troie,ordinateur,35
attaging,ordinateur,34
dérawtiseur,ordinateur,31
filtre de traitement d'image,ordinateur,28
profileur,ordinateur,31
antirobot,ordinateur,29
anti-virus,ordinateur,26
graphiste,ordinateur,35
anti-spam,ordinateur,28
Video Random Access Memory,ordinateur,32
VRAM,ordinateur,13
Logiciel portable,ordinateur,38
teamspeak,ordinateur,28
microgiciel,ordinateur,46
serveur Web,ordinateur,39
anti-bot,ordinateur,29
packer,ordinateur,34
empaqueteur,ordinateur,15
processus,ordinateur,31
puce,ordinateur,36
pilote,ordinateur,15
bouton,ordinateur,31
client,ordinateur,15
bot,ordinateur,22
logiciel de dessin,ordinateur,40
serveur,ordinateur,28
chat,ordinateur,29
correcteur,ordinateur,29
logiciel de retouche d'image,ordinateur,32
serveur de messagerie électronique,ordinateur,39
lecteur de nouvelles,ordinateur,34
visionneuse,ordinateur,32
viewer,ordinateur,28
ICQ,ordinateur,30
éditeur HTML,ordinateur,35
éditeur Web,ordinateur,38
Google Earth,ordinateur,37
jeu vidéo éducatif,ordinateur,28
CATIA,ordinateur,27
client HTTP,ordinateur,41
make,ordinateur,45
makefile,ordinateur,28
logiciel utilitaire,ordinateur,29
programme utilitaire,ordinateur,32
clavier virtuel,ordinateur,40
clavier visuel,ordinateur,35
groupware,ordinateur,30
logiciel de groupe,ordinateur,28
Corto,ordinateur,29
cartographie dynamique des risques et de la criminalité,ordinateur,31
outil d'aide à la décision,ordinateur,28
Cisco Unified Communications Manager,ordinateur,31
éditeur hexadécimal,ordinateur,34
environnement d'exécution,ordinateur,28
runtime,ordinateur,34
Adobe Atmosphere,ordinateur,29
moteur de wiki,ordinateur,32
Shane's Chess Information Database,ordinateur,28
conjugueur,ordinateur,35
débogueur,ordinateur,34
configurateur,ordinateur,35
Singular,ordinateur,34
Marble,ordinateur,31
Puppet,ordinateur,29
QuarkXPress,ordinateur,27
Flight Simulator,ordinateur,32
U-Boot,ordinateur,35
Das U-Boot,ordinateur,31
SourceForge,ordinateur,35
Moment of Inspiration,ordinateur,29
analyseur d'espace disque,ordinateur,28
analyseur d'utilisation de disque,ordinateur,34
agent,ordinateur,35
agent logiciel,ordinateur,35
Beagle,ordinateur,34
Ghost,ordinateur,28
Adobe Flash,ordinateur,32
Flash,ordinateur,34
Macromedia Flash,ordinateur,26
Fing,ordinateur,35
Chandler,ordinateur,32
Kat,ordinateur,29
Nokia Sensor,ordinateur,29
simulateur électronique,ordinateur,26
Numbers,ordinateur,29
moteur d'inférence,ordinateur,31
assistant personnel intelligent,ordinateur,31
Show and Tell,ordinateur,32
applet,ordinateur,35
middleware,ordinateur,29
logiciel spécifique,ordinateur,31
Orange,ordinateur,26
logiciel multiplate-forme,ordinateur,34
pokerbot,ordinateur,28
Abi prism collection,ordinateur,27
multiplateforme,ordinateur,99
éditeur de niveau,ordinateur,35
Antidote,ordinateur,30
logiciel de compression de données,ordinateur,35
Google Refine,ordinateur,28
ccache,ordinateur,26
Grub,ordinateur,26
OpenRefine,ordinateur,34
Gnote,ordinateur,42
Chef,ordinateur,27
GAP,ordinateur,35
dcraw,ordinateur,34
Graphical Network Simulator,ordinateur,29
OpenCimetière,ordinateur,40
dconf,ordinateur,27
constructeur d'interface graphique,ordinateur,26
moteur de blog,ordinateur,26
navigateur vocal,ordinateur,26
myNotes,ordinateur,35
Outlook Web App,ordinateur,35
Ikarus,ordinateur,40
méta-annuaire,ordinateur,38
FlexNet Publisher,ordinateur,30
moteur de production,ordinateur,31
Microsoft Mappoint,ordinateur,31
AudioMulch,ordinateur,27
Carbon Copy Cloner,ordinateur,28
EMC Legato Networker,ordinateur,30
Fayu Zhushou,ordinateur,40
Magic eDeveloper,ordinateur,31
The All-Seeing Eye,ordinateur,35
Adventure Game Studio,ordinateur,26
AppleShare,ordinateur,27
Paint Shop Pro,ordinateur,34
LHA,ordinateur,34
logiciel de présentation,ordinateur,30
Microsoft Office Picture Manager,ordinateur,35
FrameMaker,ordinateur,26
Blu-ray ripper,ordinateur,29
EasyBCD,ordinateur,43
Google Web Server,ordinateur,27
logiciel de gestion de cabinet médical,ordinateur,30
Fuzzball,ordinateur,32
logiciel de chromatographie,ordinateur,27
PSN,ordinateur,43
Rational Rose,ordinateur,34
Board Support Package,ordinateur,29
Backup Exec,ordinateur,37
globe virtuel,ordinateur,42
Glyphs.app,ordinateur,28
Gene-scan Analysis,ordinateur,30
Exact Audio Copy,ordinateur,31
éditeur d'image vectorielle,ordinateur,34
logiciel de suivi de problèmes,ordinateur,26
logiciel de gestion bibliographique,ordinateur,27
logiciel d'animation,ordinateur,43
MacinTalk Pro spoken text,ordinateur,29
Outlook Web Access,ordinateur,32
GWS,ordinateur,34
Cardfile,ordinateur,35
Malcom,ordinateur,31
gestionnaire de fenêtres,ordinateur,35
SiSoftware Sandra,ordinateur,35
Sequencing analysis,ordinateur,29
Skype Entreprise,ordinateur,36
Skype for Business,ordinateur,26
Sistema,ordinateur,36
simulateur logique,ordinateur,26
Stut One,ordinateur,28
Studio-Scrap,ordinateur,29
Tivoli Monitoring,ordinateur,27
système de planification de traitement,ordinateur,31
Zeus Web Server,ordinateur,27
x2vnc,ordinateur,34
Wintermute Engine,ordinateur,29
Webseed Studio,ordinateur,31
Virtools,ordinateur,32
GNU social,ordinateur,30
amber.js,ordinateur,26
ember.js,ordinateur,31
UniConverter,ordinateur,29
STAR Transit,ordinateur,31
Theater Manager System,ordinateur,35
Gerris,ordinateur,28
Babylon,ordinateur,28
GOCR,ordinateur,27
logiciel de généalogie,ordinateur,29
FreeSurfer,ordinateur,26
assistant de preuve,ordinateur,30
Mumble,ordinateur,32
WinStars,ordinateur,29
GNU Go,ordinateur,35
Twinkle,ordinateur,30
Eraser,ordinateur,26
Darik's Boot and Nuke,ordinateur,31
TestDisk,ordinateur,34
Google Goggles,ordinateur,28
BRL-CAD,ordinateur,28
POV-Ray,ordinateur,37
Blender,ordinateur,42
Wings 3D,ordinateur,30
Ray,ordinateur,35
Misfit Model 3D,ordinateur,34
Sweet Home 3D,ordinateur,29
modeleur 3D,ordinateur,26
Maxwell Render,ordinateur,37
Integrated Design Engineering and Analysis Software,ordinateur,27
Rhinoceros 3D,ordinateur,31
3DMark,ordinateur,29
lecteur d'écran,ordinateur,35
Kisekae Set System,ordinateur,28
Maya,ordinateur,34
CINEMA 4D,ordinateur,31
Brazil r/s,ordinateur,27
PTC Creo,ordinateur,26
Bryce,ordinateur,35
logiciel de modélisation tridimensionnelle,ordinateur,28
I-deas,ordinateur,27
logiciel de messagerie,ordinateur,29
giciel,ordinateur,31
vaporware,ordinateur,34
pro,ordinateur,37
multiplate-forme,ordinateur,78
multi-plateforme,ordinateur,103
Adobe InDesign,ordinateur,29
harceliciel,ordinateur,26
agaciel,ordinateur,27
environnement de bureau,ordinateur,34
adware,ordinateur,28
puces mémoires,ordinateur,37
puce mémoire,ordinateur,37
données personnelles,ordinateur,31
Microsoft Paint,ordinateur,35
Paint,ordinateur,27
Terminal,ordinateur,26
=make=,ordinateur,49
=clone=,ordinateur,43
Pivot Stickfigure Animator,ordinateur,26
système de calcul formel,ordinateur,25
Pivot,ordinateur,25
Microsoft Reader,ordinateur,25
appliquette,ordinateur,26
SPSS,ordinateur,25
PASW,ordinateur,25
Music,ordinateur,25
Plymouth,ordinateur,25
Hugin,ordinateur,25
Seashore,ordinateur,25
Microsoft Bob,ordinateur,25
Photo Booth,ordinateur,25
browser,ordinateur,25
logiciel caritatif,ordinateur,25
tar,ordinateur,25
client lourd,ordinateur,25
Ares Galaxy,ordinateur,25
indent,ordinateur,25
Mailman,ordinateur,25
Barry Warsaw,ordinateur,25
ordinateur,=internet=,3
ordinateur,laboratoire de recherche,3
mouchard,ordinateur,15
Pencil,ordinateur,25
Evolution Solutions,ordinateur,25
Filesystem in UserSpacE,ordinateur,25
FUSE,ordinateur,25
gzip,ordinateur,25
zip,ordinateur,25
Scrivener,ordinateur,25
learning management system,ordinateur,25
LMS,ordinateur,25
learning support system,ordinateur,25
LSS,ordinateur,25
interpréteur de commandes,ordinateur,25
command-line interpreter,ordinateur,25
Cinderella,ordinateur,25
Vagrant,ordinateur,25
Game Maker,ordinateur,25
Lexicloud,ordinateur,25
Ren'Py,ordinateur,25
logiciel métier,ordinateur,26
FL Studio,ordinateur,25
FruityLoops,ordinateur,25
Anki,ordinateur,25
Grip,ordinateur,25
SharePoint,ordinateur,25
Deluge,ordinateur,25
World Wind,ordinateur,25
HERE WeGo,ordinateur,25
WinRK,ordinateur,25
robot d'indexation,ordinateur,26
web crawler,ordinateur,25
web spider,ordinateur,25
Place Mii StreetPass,ordinateur,25
HTML Tidy,ordinateur,25
Tidy,ordinateur,25
chargeur d'amorçage,ordinateur,25
bootloader,ordinateur,25
Kdegames,ordinateur,25
aspirateur de site Web,ordinateur,25
Google Authenticator,ordinateur,25
décorateur,ordinateur,25
softphone,ordinateur,26
Microsoft Office Visio,ordinateur,25
Microsoft Visio,ordinateur,25
suite éducative de KDE,ordinateur,25
Sonnet,ordinateur,25
Kross,ordinateur,25
Frescobaldi,ordinateur,25
serveur HTTP,ordinateur,26
daemon HTTP,ordinateur,25
Final Cut Pro,ordinateur,25
mass mailer,ordinateur,25
Apache ZooKeeper,ordinateur,25
conteneur de servlets,ordinateur,25
conteneur web,ordinateur,25
Axis,ordinateur,25
Apache Continuum,ordinateur,25
Apache Camel,ordinateur,25
Ant,ordinateur,25
logiciel d'envoi de courrier électronique de masse,ordinateur,25
Bulk email software,ordinateur,25
InterNetNews,ordinateur,25
LiveType,ordinateur,25
Apple Remote Desktop,ordinateur,25
Bonjour,ordinateur,25
Rendezvous,ordinateur,25
générateur de clés,ordinateur,25
Outlook Express,ordinateur,25
Umbrello UML Modeller,ordinateur,25
Dia,ordinateur,25
KimDaBa,ordinateur,25
KmPlot,ordinateur,25
Kalzium,ordinateur,25
Jan Nieuwenhuizen,ordinateur,25
Han-Wen Nienhuys,ordinateur,25
Apache OFBiz,ordinateur,25
Sphinx,ordinateur,25
Multimedia Fusion,ordinateur,25
CruiseControl.NET,ordinateur,25
CruiseControl Enterprise,ordinateur,25
code smells,ordinateur,25
cas d'utilisation,ordinateur,25
invite de commandes,ordinateur,25
système intégré de gestion de bibliothèque,ordinateur,25
command prompt,ordinateur,25
système de gestion de règles métier,ordinateur,25
éditeur de texte,ordinateur,25
Samsung Kies,ordinateur,25
Ubuntu pour Android,ordinateur,25
gestionnaire de session,ordinateur,25
gestionnaire de connexion,ordinateur,25
gestionnaire d'identification,ordinateur,25
écran d'identification,ordinateur,25
écran de connexion,ordinateur,25
pretty Easy privacy,ordinateur,25
Pretty Good Privacy,ordinateur,25
PGP,ordinateur,25
Acid Cryptofiler,ordinateur,25
pair à pair,ordinateur,25
Pidgin,ordinateur,25
Silence,ordinateur,25
Picidae,ordinateur,25
logiciel antipub,ordinateur,25
Solid Edge,ordinateur,25
Euclid,ordinateur,25
JHOVE,ordinateur,25
Generic Mapping Tools,ordinateur,25
GMT,ordinateur,25
couche d'abstraction matérielle,ordinateur,25
logiciel de communication,ordinateur,25
système de fenêtrage,ordinateur,25
Visual Topo,ordinateur,25
serveur d'applications,ordinateur,25
Docker,ordinateur,25
Adobe Audition,ordinateur,25
Microsoft Office Publisher,ordinateur,25
Corel Photo-Paint,ordinateur,25
Nautilus,ordinateur,25
GNU Octave,ordinateur,25
GenGIS,ordinateur,25
Visicalc,ordinateur,25
MountainsMap,ordinateur,25
Multicam LSM,ordinateur,25
pare-feu,ordinateur,26
Web of Trust,ordinateur,25
Confluence,ordinateur,25
Gecko,ordinateur,25
logiciel multiplateforme,ordinateur,25
Adventure Game Interpreter,ordinateur,25
AGI,ordinateur,25
interprète de jeu d'aventure,ordinateur,25
antipatterns,ordinateur,25
Malwarebytes,ordinateur,25
Spyware Doctor,ordinateur,25
Malwarebytes' Anti-Malware,ordinateur,25
MBAM,ordinateur,25
Quicksilver,ordinateur,25
Windows Essential Business Server,ordinateur,25
Social Engineering Toolkit,ordinateur,25
HTTP,ordinateur,25
Samba,ordinateur,25
Advanced Linux Sound Architecture,ordinateur,25
JACK,ordinateur,25
Wine,ordinateur,25
Oracle VM VirtualBox,ordinateur,25
Polypaudio,ordinateur,25
compositeur,ordinateur,25
VirtualBox,ordinateur,25
SubViewer,ordinateur,25
Kismet,ordinateur,25
Workload Manager,ordinateur,25
Make,ordinateur,25
Simple Machines Forum,ordinateur,25
Redshift,ordinateur,25
HipHop for PHP,ordinateur,25
Composer,ordinateur,25
système de gestion de base de données relationnel-objet,ordinateur,25
VCS,ordinateur,25
SMF,ordinateur,25
lighttpd,ordinateur,25
PEEL SHOPPING,ordinateur,25
Unison,ordinateur,25
logiciel ouvert,ordinateur,25
Tuxedo,ordinateur,25
Tux Paint,ordinateur,25
bureau virtuel,ordinateur,25
débugueur,ordinateur,25
jeu vidéo de go,ordinateur,25
=algorithm=,ordinateur,135
GNU Assembler,ordinateur,25
Bro,ordinateur,25
OBS Studio,ordinateur,25
OBS,ordinateur,25
Open Broadcaster Software,ordinateur,25
PunkBuster,ordinateur,25
Gossip,ordinateur,25
j-chkmail,ordinateur,25
agent de distribution du courriel,ordinateur,25
Mail Delivery Agent,ordinateur,25
Mail Transfer Agent,ordinateur,25
rspamd,ordinateur,25
rsync,ordinateur,25
StataCorp,ordinateur,25
Unterseeboot,ordinateur,10
U-boot,ordinateur,11
Mozilla Prism,ordinateur,25
éditeur de texture,ordinateur,25
Adobe Lightroom,ordinateur,25
Fractal Painter,ordinateur,25
Adobe Photoshop Elements,ordinateur,25
Affinity Photo,ordinateur,25
Adobe Fireworks,ordinateur,25
Corel Painter,ordinateur,25
Adobe Lightroom Classic CC,ordinateur,25
Adobe Photoshop Lightroom,ordinateur,25
paint.net,ordinateur,25
darktable,ordinateur,25
Pinta,ordinateur,25
éditeur de niveaux,ordinateur,25
ACID Pro,ordinateur,26
Warehouse Control System,ordinateur,25
Back office,ordinateur,25
back office,ordinateur,25
algorithm,ordinateur,20
Friendika,ordinateur,25
pump.io,ordinateur,25
IMesh,ordinateur,25
Gabber,ordinateur,25
Rake,ordinateur,25
socle interministériel de logiciels libres,ordinateur,25
Cooperative Linux,ordinateur,25
Digital Photo Professional,ordinateur,25
Festival,ordinateur,25
logiciel privatif,ordinateur,25
FCP,ordinateur,25
CCM,ordinateur,25
GNU MCSim,ordinateur,25
Maxima,ordinateur,25
radar,avion militaire,38
radar,route,38
radar,autoroute,38
radar,bord de route,31
radar,avion,16
graphite,réacteur nucléaire,53
crayon,réacteur nucléaire,53
froid,réfrigérateur,208
volaille,réfrigérateur,78
réfrigérateur,maison,150
réfrigérateur,restaurant,172
réfrigérateur,cuisine,223
soda,réfrigérateur,108
dessert,réfrigérateur,78
beurre,réfrigérateur,88
nourriture,réfrigérateur,98
rosé,réfrigérateur,78
glaçon,réfrigérateur,498
yaourt,réfrigérateur,122
bière,réfrigérateur,88
fruit,réfrigérateur,88
légume,réfrigérateur,63
magnet,réfrigérateur,53
réfrigérateur,appartement,130
pomme,réfrigérateur,9
frileux,réfrigérateur,-23
brie,réfrigérateur,178
mousse au chocolat,réfrigérateur,53
jus de pamplemousse,réfrigérateur,56
boisson froide,réfrigérateur,53
fondant au chocolat,réfrigérateur,53
Mandrin,réfrigérateur,53
bouteille,réfrigérateur,58
triple crème,réfrigérateur,53
mozzarella,réfrigérateur,99
boisson fraîche,réfrigérateur,65
fromage à raclette,réfrigérateur,32
aliment contaminé,réfrigérateur,53
viande bovine,réfrigérateur,53
ingrédient de cuisine,réfrigérateur,53
fruit à noyau,réfrigérateur,53
boisson gazeuse,réfrigérateur,53
Orangina,réfrigérateur,53
oeuf de poule,réfrigérateur,53
oeufs au lait,réfrigérateur,53
colonie bactérienne,réfrigérateur,63
thé glacé,réfrigérateur,53
crème,réfrigérateur,79
iceberg,réfrigérateur,-25
limonade,réfrigérateur,53
bière de mars,réfrigérateur,-20
pomme verte,réfrigérateur,-9
Fuji,réfrigérateur,43
gruyère râpé,réfrigérateur,53
Rambour,réfrigérateur,0
pastèque,réfrigérateur,38
bière anglaise,réfrigérateur,29
pâte feuilletée,réfrigérateur,-10
pomelo,réfrigérateur,4
chocolat,réfrigérateur,4
oeuf battu,réfrigérateur,53
oeuf cru,réfrigérateur,53
décapode,réfrigérateur,62
crustacé décapode,réfrigérateur,62
tarte Tatin,réfrigérateur,-2
plat cuisiné,réfrigérateur,53
plat cuisiné surgelé,réfrigérateur,53
yogourt,réfrigérateur,122
yoghourt,réfrigérateur,122
réfrigérateur,bar,81
réfrigérateur,boucherie,80
réfrigérateur,cave,140
réfrigérateur,magasin,140
réfrigérateur,garage,90
yahourt,réfrigérateur,122
pomélo,réfrigérateur,3
crème fraîche,réfrigérateur,48
coca-cola,réfrigérateur,1041
steak,réfrigérateur,38
glaçons,réfrigérateur,38
laitage,réfrigérateur,38
fruits,réfrigérateur,48
charcuterie,réfrigérateur,38
jus de fruit,réfrigérateur,428
givre,réfrigérateur,38
aliment,réfrigérateur,38
boisson,réfrigérateur,38
jus,réfrigérateur,38
légumes,réfrigérateur,148
fromage,réfrigérateur,48
oeuf,réfrigérateur,38
oeufs,réfrigérateur,38
jambon,réfrigérateur,38
eau,réfrigérateur,38
lait,réfrigérateur,38
poisson,réfrigérateur,38
glace,réfrigérateur,38
viande,réfrigérateur,38
conservation,réfrigérateur,66
chou-rave,réfrigérateur,96
poisson pané,réfrigérateur,52
andouille,réfrigérateur,76
fromage râpé,réfrigérateur,63
Coca-Cola,réfrigérateur,39
réfrigérateur,glace,-38
réfrigérateur,chambre d'hôtel,63
réfrigérateur,morgue,48
piment,réfrigérateur,29
fromage à pâte molle à croûte lavée,réfrigérateur,30
plat,réfrigérateur,28
framboise,réfrigérateur,31
sauce piquante,réfrigérateur,28
organe,réfrigérateur,35
tarte,réfrigérateur,31
gel,réfrigérateur,26
citron,réfrigérateur,29
bac à glace,réfrigérateur,29
tomate,réfrigérateur,35
milk-shake,réfrigérateur,32
côte de porc,réfrigérateur,30
mâche,réfrigérateur,35
tarte au citron,réfrigérateur,27
lait de vache,réfrigérateur,27
orangeade,réfrigérateur,35
viande de boeuf,réfrigérateur,28
truite,réfrigérateur,26
truite de rivière,réfrigérateur,32
tranche de viande,réfrigérateur,27
produit laitier,réfrigérateur,34
Fanta,réfrigérateur,26
coeur de palmier,réfrigérateur,28
fromage blanc,réfrigérateur,26
poisson séché,réfrigérateur,30
camembert,réfrigérateur,26
maquereau,réfrigérateur,26
yaourt aux fruits,réfrigérateur,35
foie,réfrigérateur,51
carpe,réfrigérateur,31
aliment industriel,réfrigérateur,26
petit mot,réfrigérateur,28
post-it,réfrigérateur,31
dessins,réfrigérateur,39
aimant,réfrigérateur,42
victuailles,réfrigérateur,31
coca,réfrigérateur,26
provisions,réfrigérateur,28
jus d'orange,réfrigérateur,30
bac à légumes,réfrigérateur,30
tomates,réfrigérateur,35
bac,réfrigérateur,32
vin,réfrigérateur,26
carottes,réfrigérateur,34
salade,réfrigérateur,30
étagère,réfrigérateur,28
mayonnaise,réfrigérateur,30
restes,réfrigérateur,27
poulet,réfrigérateur,27
paëlla,réfrigérateur,26
paélia,réfrigérateur,26
paella,réfrigérateur,26
pâtisserie,réfrigérateur,27
produit alimentaire,réfrigérateur,35
condiment,réfrigérateur,26
tiroir,réfrigérateur,32
pot,réfrigérateur,26
sauce,réfrigérateur,27
moutarde,réfrigérateur,26
viande avariée,réfrigérateur,35
boeuf,réfrigérateur,26
restant,réfrigérateur,35
liquide vaisselle,réfrigérateur,-25
cocacola,réfrigérateur,39
coca cola,réfrigérateur,39
beurrier,réfrigérateur,26
poisson fumé,réfrigérateur,31
coeur de boeuf,réfrigérateur,32
noire de Crimée,réfrigérateur,26
tomate Roma,réfrigérateur,35
tomate coeur-de-boeuf,réfrigérateur,30
tomate coeur de boeuf,réfrigérateur,35
tomate verte,réfrigérateur,34
tomate ananas,réfrigérateur,32
tomates farcies,réfrigérateur,27
mozza,réfrigérateur,99
soda nature,réfrigérateur,1
limon,réfrigérateur,3
mahonnaise,réfrigérateur,30
magnonaise,réfrigérateur,30
mozzarelle,réfrigérateur,99
yoghourth,réfrigérateur,122
marinade,réfrigérateur,91
Noire de Crimée,réfrigérateur,26
Triple crème,réfrigérateur,53
Sauce piquante,réfrigérateur,28
Coca cola,réfrigérateur,1042
blancs de poulet,réfrigérateur,26
Coca Cola,réfrigérateur,1024
abricot,réfrigérateur,29
steack,réfrigérateur,38
milkshake,réfrigérateur,32
milk shake,réfrigérateur,32
saumon,réfrigérateur,37
mille-feuille,réfrigérateur,30
sole,réfrigérateur,15
avocat,réfrigérateur,15
verrine,réfrigérateur,10
bleu,réfrigérateur,16
seiche,réfrigérateur,16
blonde,réfrigérateur,31
vinaigrette,réfrigérateur,30
