sida,42,VIH,6,maladie,then,sida,6,maladie
=acute pancreatitis=,42,SIDA,6,maladie,then,=acute pancreatitis=,6,maladie
quatre,42,arithmétique,6,Mathématiques,then,quatre,42,Mathématiques
Géométrie,42,Mathématiques,6,Physique,then,Géométrie,42,Physique
sida,42,vih,6,maladie,then,sida,6,maladie
mort,42,SIDA,6,maladie,then,mort,42,maladie
=acute pancreatitis=,42,SIDA,6,maladie,then,=acute pancreatitis=,6,maladie
=libido=,42,physiologie,6,biologie,then,=libido=,42,biologie
pancréatite aiguë,42,SIDA,6,maladie,then,pancréatite aiguë,6,maladie
maladie,42,Bacille de Koch,6,bacille,then,maladie,42,bacille
mois,42,lune,6,lune,then,mois,42,lune
sida,42,VIH,6,maladie,then,sida,6,maladie
sida,42,VIH,6,maladie,then,sida,6,maladie
viande reconstituée,42,économie,6,économie,then,viande reconstituée,42,économie
mourir,42,syndrome d'immunodéficience acquise,6,maladie,then,mourir,42,maladie
film,42,Louis Lumière,6,scientifique,then,film,17,scientifique
IA,42,=endocarditis=,6,maladie,then,IA,6,maladie
télévision,42,tube de Zworykin,6,instrument,then,télévision,6,instrument
syndrome d'immunodéficience acquise,42,vih,6,maladie,then,syndrome d'immunodéficience acquise,6,maladie
ville dortoir,42,économie,6,économie,then,ville dortoir,42,économie
biologie,42,étude,6,recherche,then,biologie,42,recherche
géométrie,42,Mathématiques,6,Physique,then,géométrie,42,Physique
syndrome d'immunodéficience acquise,42,vih,6,maladie,then,syndrome d'immunodéficience acquise,6,maladie
débat d'idées,42,Economie,6,économie,then,débat d'idées,42,économie
quatre,42,arithmétique,6,Mathématiques,then,quatre,42,Mathématiques
IA,42,Maladie de Bouillaud,6,maladie,then,IA,6,maladie
mourir,42,syndrome d'immunodéficience acquise,6,maladie,then,mourir,42,maladie
SIDA,42,VIH,6,maladie,then,SIDA,6,maladie
cité dortoir,42,économie,6,économie,then,cité dortoir,42,économie
sida,42,vih,6,maladie,then,sida,6,maladie
IA,42,Maladie de Bouillaud,6,maladie,then,IA,6,maladie
SIDA,42,vih,6,maladie,then,SIDA,6,maladie
sida,42,VIH,6,maladie,then,sida,6,maladie
=acute pancreatitis=,42,SIDA,6,maladie,then,=acute pancreatitis=,6,maladie
syndrome d'immunodéficience acquise,42,VIH,6,maladie,then,syndrome d'immunodéficience acquise,6,maladie
addict,42,biochimie,6,chimie,then,addict,42,chimie
tube cathodique,42,tube de Zworykin,6,tube,then,tube cathodique,6,tube
cours,42,économie,6,économie,then,cours,42,économie
débat d'idées,42,Economie,6,économie,then,débat d'idées,42,économie
banlieue-dortoir,42,économie,6,économie,then,banlieue-dortoir,42,économie
progrès scientifique,42,recherche,6,technique,then,progrès scientifique,17,technique
=addict=,42,biochimie,6,chimie,then,=addict=,42,chimie
théorie du genre,42,génétique,6,biologie,then,théorie du genre,42,biologie
SIDA,42,vih,6,maladie,then,SIDA,6,maladie
maladie,42,bacille,6,=microorganism=,then,maladie,42,=microorganism=
syndrome d'immunodéficience acquise,42,VIH,6,maladie,then,syndrome d'immunodéficience acquise,6,maladie
sida,42,VIH,6,maladie,then,sida,6,maladie
quatres,42,arithmétique,6,Mathématiques,then,quatres,42,Mathématiques
SIDA,42,VIH,6,maladie,then,SIDA,6,maladie
maladie,42,bacille de Koch,6,bacille,then,maladie,42,bacille
mort,42,syndrome d'immunodéficience acquise,6,maladie,then,mort,42,maladie
addict,42,biochimie,6,chimie,then,addict,42,chimie
sida,42,vih,6,maladie,then,sida,6,maladie
SIDA,42,virus de l'immunodéficience humaine,6,maladie,then,SIDA,6,maladie
sida,42,virus de l'immunodéficience humaine,6,maladie,then,sida,6,maladie
maladie,42,bacille,6,organisme unicellulaire,then,maladie,42,organisme unicellulaire
mort,42,SIDA,6,maladie,then,mort,42,maladie
pancréatite aigüe,42,SIDA,6,maladie,then,pancréatite aigüe,6,maladie
IA,42,Maladie de Bouillaud,6,maladie,then,IA,6,maladie
géométrie,42,mathématiques,6,Physique,then,géométrie,42,Physique
quatre,42,arithmétique,6,Mathématiques,then,quatre,42,Mathématiques
sida,42,virus de l'immunodéficience humaine,6,maladie,then,sida,6,maladie
mourir,42,sida,6,maladie,then,mourir,42,maladie
cours,42,économie,6,économie,then,cours,42,économie
pancréatite aigüe,42,SIDA,6,maladie,then,pancréatite aigüe,6,maladie
pancréatite aigüe,42,SIDA,6,maladie,then,pancréatite aigüe,6,maladie
viande reconstituée,42,économie,6,économie,then,viande reconstituée,42,économie
médecine,42,science,6,biologie,then,médecine,6,biologie
sida,42,virus de l'immunodéficience humaine,6,maladie,then,sida,6,maladie
mourir,42,SIDA,6,maladie,then,mourir,42,maladie
sida,42,virus de l'immunodéficience humaine,6,maladie,then,sida,6,maladie
pancréatite aiguë,42,SIDA,6,maladie,then,pancréatite aiguë,6,maladie
maladie,42,bacille,6,micro-organisme,then,maladie,42,micro-organisme
progrès scientifique,42,recherche privée,6,recherche,then,progrès scientifique,42,recherche
sida,42,VIH,6,maladie,then,sida,6,maladie
débat d'idées,42,économie,6,économie,then,débat d'idées,42,économie
accro,42,biochimie,6,chimie,then,accro,42,chimie
progrès scientifique,42,recherche publique,6,recherche,then,progrès scientifique,42,recherche
quatre,42,arithmétique,6,Mathématiques,then,quatre,42,Mathématiques
Géométrie,42,Mathématiques,6,Physique,then,Géométrie,42,Physique
être accro,42,biochimie,6,chimie,then,être accro,42,chimie
SIDA,42,VIH,6,maladie,then,SIDA,6,maladie
sida,42,vih,6,maladie,then,sida,6,maladie
sida,42,VIH,6,maladie,then,sida,6,maladie
sida,42,vih,6,maladie,then,sida,6,maladie
biologie,42,étude,6,recherche,then,biologie,42,recherche
maladie,42,Bacille de Koch,6,bacille,then,maladie,42,bacille
maladie,42,bacille,6,organisme microscopique,then,maladie,42,organisme microscopique
IA,42,Maladie de Bouillaud,6,maladie,then,IA,6,maladie
mains,42,anatomie,6,biologie,then,mains,42,biologie
théorie du genre,42,génétique,6,biologie,then,théorie du genre,42,biologie
chômage,42,économie,6,économie,then,chômage,42,économie
SIDA,42,vih,6,maladie,then,SIDA,6,maladie
=acute pancreatitis=,42,SIDA,6,maladie,then,=acute pancreatitis=,6,maladie
ville dortoir,42,économie,6,économie,then,ville dortoir,42,économie
être dépendant,42,biochimie,6,chimie,then,être dépendant,42,chimie
mourir,42,sida,6,maladie,then,mourir,42,maladie
femme,42,génétique,6,biologie,then,femme,42,biologie
mourir,42,SIDA,6,maladie,then,mourir,42,maladie
maladie,42,bacille,6,microorganisme,then,maladie,42,microorganisme
être dépendant,42,biochimie,6,chimie,then,être dépendant,42,chimie
SIDA,42,VIH,6,maladie,then,SIDA,6,maladie
sida,42,vih,6,maladie,then,sida,6,maladie
SIDA,42,vih,6,maladie,then,SIDA,6,maladie
Géométrie,42,Mathématiques,6,Physique,then,Géométrie,42,Physique
cité-dortoir,42,économie,6,économie,then,cité-dortoir,42,économie
être dépendant,42,biochimie,6,chimie,then,être dépendant,42,chimie
quatres,42,arithmétique,6,Mathématiques,then,quatres,42,Mathématiques
pancréatite aiguë idiopathique,42,SIDA,6,maladie,then,pancréatite aiguë idiopathique,6,maladie
géométrie,42,Mathématiques,6,Physique,then,géométrie,42,Physique
mort,42,SIDA,6,maladie,then,mort,42,maladie
maladie,42,bacille,6,bactérie,then,maladie,42,bactérie
être addict,42,biochimie,6,chimie,then,être addict,42,chimie
pancréatite aiguë,42,SIDA,6,maladie,then,pancréatite aiguë,6,maladie
mort,42,sida,6,maladie,then,mort,42,maladie
SIDA,42,VIH,6,maladie,then,SIDA,6,maladie
IA,42,rhumatisme articulaire aigu,6,maladie,then,IA,6,maladie
pancréatite aigüe,42,SIDA,6,maladie,then,pancréatite aigüe,6,maladie
mourir,42,SIDA,6,maladie,then,mourir,42,maladie
SIDA,42,vih,6,maladie,then,SIDA,6,maladie
IA,42,endocardite,6,maladie,then,IA,6,maladie
se déchausser,42,génétique,6,médecine,then,se déchausser,42,médecine
femme,42,génétique,6,biologie,then,femme,42,biologie
pancréatite aiguë idiopathique,42,SIDA,6,maladie,then,pancréatite aiguë idiopathique,6,maladie
pancréatite aigüe,42,SIDA,6,maladie,then,pancréatite aigüe,6,maladie
mourir,42,SIDA,6,maladie,then,mourir,42,maladie
classe dominante,42,économie,6,économie,then,classe dominante,42,économie
être addict,42,biochimie,6,chimie,then,être addict,42,chimie
être accro,42,biochimie,6,chimie,then,être accro,42,chimie
pancréatite aiguë,42,SIDA,6,maladie,then,pancréatite aiguë,6,maladie
=acute pancreatitis=,42,SIDA,6,maladie,then,=acute pancreatitis=,6,maladie
être addict,42,biochimie,6,chimie,then,être addict,42,chimie
SIDA,42,virus de l'immunodéficience humaine,6,maladie,then,SIDA,6,maladie
cité dortoir,42,économie,6,économie,then,cité dortoir,42,économie
mort,42,sida,6,maladie,then,mort,42,maladie
mains,42,anatomie,6,biologie,then,mains,42,biologie
Mathieu Lafourcade,42,fatigué,6,maladie,then,Mathieu Lafourcade,42,maladie
SIDA,42,vih,6,maladie,then,SIDA,6,maladie
être dépendant,42,biochimie,6,chimie,then,être dépendant,42,chimie
mains,42,génétique,6,biologie,then,mains,42,biologie
Géométrie,42,mathématiques,6,Physique,then,Géométrie,42,Physique
télévision,42,tube de Zworykin,6,instrument,then,télévision,6,instrument
addict,42,biochimie,6,chimie,then,addict,42,chimie
pancréatite aiguë,42,SIDA,6,maladie,then,pancréatite aiguë,6,maladie
sida,42,vih,6,maladie,then,sida,6,maladie
mort,42,SIDA,6,maladie,then,mort,42,maladie
ville-dortoir,42,économie,6,économie,then,ville-dortoir,42,économie
maladie,42,bacille,6,bactérie,then,maladie,42,bactérie
Mathieu Lafourcade,42,fatigué,6,maladie,then,Mathieu Lafourcade,42,maladie
SIDA,42,VIH,6,maladie,then,SIDA,6,maladie
géométrie,42,Mathématiques,6,Physique,then,géométrie,42,Physique
progrès scientifique,42,recherche privée,6,recherche,then,progrès scientifique,42,recherche
=addict=,42,biochimie,6,chimie,then,=addict=,42,chimie
syndrome d'immunodéficience acquise,42,virus de l'immunodéficience humaine,6,maladie,then,syndrome d'immunodéficience acquise,6,maladie
maladie,42,bacille de Koch,6,bacille,then,maladie,42,bacille
entreprise,42,économie,6,économie,then,entreprise,42,économie
débat d'idées,42,économie,6,économie,then,débat d'idées,42,économie
=libido=,42,physiologie,6,biologie,then,=libido=,42,biologie
SIDA,42,VIH,6,maladie,then,SIDA,6,maladie
progrès scientifique,42,enseignant-chercheur,6,chercheur,then,progrès scientifique,42,chercheur
pancréatite aigüe,42,SIDA,6,maladie,then,pancréatite aigüe,6,maladie
géométrie,42,Mathématiques,6,Physique,then,géométrie,42,Physique
SIDA,42,VIH,6,maladie,then,SIDA,6,maladie
Mathieu Lafourcade,42,fatigue,6,maladie,then,Mathieu Lafourcade,42,maladie
pancréatite aiguë idiopathique,42,SIDA,6,maladie,then,pancréatite aiguë idiopathique,6,maladie
maladie,42,bacille,6,=microorganism=,then,maladie,42,=microorganism=
sida,42,virus de l'immunodéficience humaine,6,maladie,then,sida,6,maladie
débat d'idées,42,Economie,6,économie,then,débat d'idées,42,économie
IA,42,dystrophie,6,maladie,then,IA,6,maladie
Géométrie,42,mathématiques,6,Physique,then,Géométrie,42,Physique
mort,42,sida,6,maladie,then,mort,42,maladie
syndrome d'immunodéficience acquise,42,VIH,6,maladie,then,syndrome d'immunodéficience acquise,6,maladie
progrès scientifique,42,recherche institutionnelle,6,recherche,then,progrès scientifique,42,recherche
=addict=,42,biochimie,6,chimie,then,=addict=,42,chimie
marché,42,économie,6,économie,then,marché,42,économie
Géométrie,42,mathématiques,6,Physique,then,Géométrie,42,Physique
mort,42,sida,6,maladie,then,mort,42,maladie
insuffisance cardiaque,42,IA,6,maladie,then,insuffisance cardiaque,6,maladie
IA,42,=endocarditis=,6,maladie,then,IA,6,maladie
=addict=,42,biochimie,6,chimie,then,=addict=,42,chimie
pancréatite aiguë idiopathique,42,SIDA,6,maladie,then,pancréatite aiguë idiopathique,6,maladie
syndrome d'immunodéficience acquise,42,vih,6,maladie,then,syndrome d'immunodéficience acquise,6,maladie
libido,42,physiologie,6,biologie,then,libido,42,biologie
mort,42,SIDA,6,maladie,then,mort,42,maladie
être addict,42,biochimie,6,chimie,then,être addict,42,chimie
maladie,42,bacille,6,=bacteria=,then,maladie,42,=bacteria=
IA,42,maladie de Bouillaud,6,maladie,then,IA,6,maladie
mourir,42,sida,6,maladie,then,mourir,42,maladie
pancréatite aigüe,42,SIDA,6,maladie,then,pancréatite aigüe,6,maladie
pancréatite aiguë,42,SIDA,6,maladie,then,pancréatite aiguë,6,maladie
IA,42,endocardite,6,maladie,then,IA,6,maladie
film,42,Louis Lumière,6,scientifique,then,film,17,scientifique
maladie,42,Bacille de Koch,6,bacille,then,maladie,42,bacille
médecine,42,science,6,biologie,then,médecine,6,biologie
maladie,42,bacille,6,organisme microscopique,then,maladie,42,organisme microscopique
sida,42,vih,6,maladie,then,sida,6,maladie
mourir,42,SIDA,6,maladie,then,mourir,42,maladie
insuffisance cardiaque,42,IA,6,maladie,then,insuffisance cardiaque,6,maladie
banlieue-dortoir,42,économie,6,économie,then,banlieue-dortoir,42,économie
progrès scientifique,42,recherche institutionnelle,6,recherche,then,progrès scientifique,42,recherche
progrès scientifique,42,recherche,6,technique,then,progrès scientifique,17,technique
sida,42,VIH,6,maladie,then,sida,6,maladie
progrès scientifique,42,enseignant-chercheur,6,chercheur,then,progrès scientifique,42,chercheur
maladie,42,bacille,6,=bacteria=,then,maladie,42,=bacteria=
SIDA,42,vih,6,maladie,then,SIDA,6,maladie
entreprise,42,économie,6,économie,then,entreprise,42,économie
pancréatite aiguë,42,SIDA,6,maladie,then,pancréatite aiguë,6,maladie
tube cathodique,42,tube de Zworykin,6,tube,then,tube cathodique,6,tube
ville-dortoir,42,économie,6,économie,then,ville-dortoir,42,économie
syndrome d'immunodéficience acquise,42,VIH,6,maladie,then,syndrome d'immunodéficience acquise,6,maladie
pancréatite aigüe,42,SIDA,6,maladie,then,pancréatite aigüe,6,maladie
classe dominante,42,économie,6,économie,then,classe dominante,42,économie
mort,42,syndrome d'immunodéficience acquise,6,maladie,then,mort,42,maladie
SIDA,42,vih,6,maladie,then,SIDA,6,maladie
Géométrie,42,Mathématiques,6,Physique,then,Géométrie,42,Physique
géométrie,42,mathématiques,6,Physique,then,géométrie,42,Physique
tube cathodique,42,tube de Zworykin,6,instrument,then,tube cathodique,6,instrument
quatres,42,arithmétique,6,Mathématiques,then,quatres,42,Mathématiques
accro,42,biochimie,6,chimie,then,accro,42,chimie
pancréatite aiguë,42,SIDA,6,maladie,then,pancréatite aiguë,6,maladie
pancréatite aiguë idiopathique,42,SIDA,6,maladie,then,pancréatite aiguë idiopathique,6,maladie
IA,42,dystrophie,6,maladie,then,IA,6,maladie
accro,42,biochimie,6,chimie,then,accro,42,chimie
tube cathodique,42,tube de Zworykin,6,instrument,then,tube cathodique,6,instrument
maladie,42,Bacille de Koch,6,bacille,then,maladie,42,bacille
SIDA,42,virus de l'immunodéficience humaine,6,maladie,then,SIDA,6,maladie
syndrome d'immunodéficience acquise,42,virus de l'immunodéficience humaine,6,maladie,then,syndrome d'immunodéficience acquise,6,maladie
SIDA,42,VIH,6,maladie,then,SIDA,6,maladie
SIDA,42,VIH,6,maladie,then,SIDA,6,maladie
pancréatite aigüe,42,SIDA,6,maladie,then,pancréatite aigüe,6,maladie
Mathieu Lafourcade,42,fatigue,6,maladie,then,Mathieu Lafourcade,42,maladie
débat d'idées,42,Economie,6,économie,then,débat d'idées,42,économie
géométrie,42,mathématiques,6,Physique,then,géométrie,42,Physique
être accro,42,biochimie,6,chimie,then,être accro,42,chimie
IA,42,maladie de Bouillaud,6,maladie,then,IA,6,maladie
sida,42,VIH,6,maladie,then,sida,6,maladie
mains,42,génétique,6,biologie,then,mains,42,biologie
progrès scientifique,42,recherche publique,6,recherche,then,progrès scientifique,42,recherche
Géométrie,42,mathématiques,6,Physique,then,Géométrie,42,Physique
SIDA,42,vih,6,maladie,then,SIDA,6,maladie
sida,42,VIH,6,maladie,then,sida,6,maladie
être accro,42,biochimie,6,chimie,then,être accro,42,chimie
IA,42,rhumatisme articulaire aigu,6,maladie,then,IA,6,maladie
mort,42,sida,6,maladie,then,mort,42,maladie
cité-dortoir,42,économie,6,économie,then,cité-dortoir,42,économie
IA,42,maladie de Bouillaud,6,maladie,then,IA,6,maladie
banlieue dortoir,42,économie,6,économie,then,banlieue dortoir,42,économie
marché,42,économie,6,économie,then,marché,42,économie
SIDA,42,virus de l'immunodéficience humaine,6,maladie,then,SIDA,6,maladie
géométrie,42,mathématiques,6,Physique,then,géométrie,42,Physique
mourir,42,sida,6,maladie,then,mourir,42,maladie
SIDA,42,vih,6,maladie,then,SIDA,6,maladie
maladie,42,bacille,6,microorganisme,then,maladie,42,microorganisme
sida,42,vih,6,maladie,then,sida,6,maladie
libido,42,physiologie,6,biologie,then,libido,42,biologie
chômage,42,économie,6,économie,then,chômage,42,économie
SIDA,42,virus de l'immunodéficience humaine,6,maladie,then,SIDA,6,maladie
se déchausser,42,génétique,6,médecine,then,se déchausser,42,médecine
banlieue dortoir,42,économie,6,économie,then,banlieue dortoir,42,économie
accro,42,biochimie,6,chimie,then,accro,42,chimie
pancréatite aiguë,42,SIDA,6,maladie,then,pancréatite aiguë,6,maladie
débat d'idées,42,économie,6,économie,then,débat d'idées,42,économie
mourir,42,sida,6,maladie,then,mourir,42,maladie
addict,42,biochimie,6,chimie,then,addict,42,chimie
sida,42,vih,6,maladie,then,sida,6,maladie
maladie,42,bacille,6,organisme unicellulaire,then,maladie,42,organisme unicellulaire
pancréatite aigüe,42,SIDA,6,maladie,then,pancréatite aigüe,6,maladie
maladie,42,bacille de Koch,6,bacille,then,maladie,42,bacille
pancréatite aiguë,42,SIDA,6,maladie,then,pancréatite aiguë,6,maladie
syndrome d'immunodéficience acquise,42,vih,6,maladie,then,syndrome d'immunodéficience acquise,6,maladie
débat d'idées,42,économie,6,économie,then,débat d'idées,42,économie
quatres,42,arithmétique,6,Mathématiques,then,quatres,42,Mathématiques
IA,42,maladie de Bouillaud,6,maladie,then,IA,6,maladie
maladie,42,bacille,6,micro-organisme,then,maladie,42,micro-organisme
maladie,42,bacille de Koch,6,bacille,then,maladie,42,bacille
éclairer,13,lumière,15,lampe,then,éclairer,13,lampe
marcher,13,électricité,15,lampe,then,marcher,13,lampe
fonctionner,13,turbine,15,moteur,then,fonctionner,13,moteur
marcher,13,électricité,15,lampe,then,marcher,13,lampe
éclairer,13,lumière,15,lampe,then,éclairer,13,lampe
fonctionner,13,turbine,15,moteur,then,fonctionner,13,moteur
frigo,9,glace,13,frigo,then,frigo,9,frigo
réfrigérateur,9,glaçon,13,frigo,then,réfrigérateur,9,frigo
ordinateur,9,scanner,13,scanneur,then,ordinateur,9,scanneur
réfrigérateur,9,glace,13,frigidaire,then,réfrigérateur,9,frigidaire
frigidaire,9,glaçon,13,frigo,then,frigidaire,9,frigo
ordinateur,9,scanner,13,scanneur,then,ordinateur,9,scanneur
frigidaire,9,glace,13,réfrigérateur,then,frigidaire,9,réfrigérateur
frigidaire,9,glace,13,frigo,then,frigidaire,9,frigo
frigidaire,9,glace,13,frigo,then,frigidaire,9,frigo
réfrigérateur,9,glaçon,13,frigidaire,then,réfrigérateur,9,frigidaire
réfrigérateur,9,glace,13,frigidaire,then,réfrigérateur,9,frigidaire
frigidaire,9,glace,13,réfrigérateur,then,frigidaire,9,réfrigérateur
frigidaire,9,glaçon,13,réfrigérateur,then,frigidaire,9,réfrigérateur
frigidaire,9,glaçon,13,frigo,then,frigidaire,9,frigo
frigidaire,9,glaçon,13,réfrigérateur,then,frigidaire,9,réfrigérateur
réfrigérateur,9,glaçon,13,frigidaire,then,réfrigérateur,9,frigidaire
frigo,9,glaçon,13,frigo,then,frigo,9,frigo
réfrigérateur,9,glace,13,frigo,then,réfrigérateur,9,frigo
réfrigérateur,9,glace,13,frigo,then,réfrigérateur,9,frigo
réfrigérateur,9,glaçon,13,frigo,then,réfrigérateur,9,frigo
?tudier,14,chimie,6,physique,then,?tudier,14,physique
?tudier,14,Chimie,6,physique,then,?tudier,14,physique
?tudier,14,chimie,6,physique,then,?tudier,14,physique
?tudier,14,Chimie,6,physique,then,?tudier,14,physique
::>13:36568>29:34025>14,14,chimie,6,physique,then,::>13:36568>29:34025>14,14,physique
::>13:36568>29:34025>14,14,Chimie,6,physique,then,::>13:36568>29:34025>14,14,physique
::>13:36568>29:34025>14,14,chimie,6,physique,then,::>13:36568>29:34025>14,14,physique
::>13:36568>29:34025>14,14,Chimie,6,physique,then,::>13:36568>29:34025>14,14,physique
::>13:36568>29:34025,14,chimie,6,physique,then,::>13:36568>29:34025,14,physique
::>13:36568>29:34025,14,Chimie,6,physique,then,::>13:36568>29:34025,14,physique
::>13:36568>29:34025,14,chimie,6,physique,then,::>13:36568>29:34025,14,physique
::>13:36568>29:34025,14,Chimie,6,physique,then,::>13:36568>29:34025,14,physique
pr?venir>131084,14,SIDA,6,maladie,then,pr?venir>131084,14,maladie
?radiquer,14,sida,6,maladie,then,?radiquer,14,maladie
::>13:74860>29:30092>14,14,sida,6,maladie,then,::>13:74860>29:30092>14,14,maladie
::>13:74860>29:30092>14,14,SIDA,6,maladie,then,::>13:74860>29:30092>14,14,maladie
::>13:74860>29:30092,14,sida,6,maladie,then,::>13:74860>29:30092,14,maladie
::>13:74860>29:30092,14,SIDA,6,maladie,then,::>13:74860>29:30092,14,maladie
pr?venir>131084,14,SIDA,6,maladie,then,pr?venir>131084,14,maladie
?radiquer,14,sida,6,maladie,then,?radiquer,14,maladie
::>13:74860>29:30092>14,14,sida,6,maladie,then,::>13:74860>29:30092>14,14,maladie
::>13:74860>29:30092>14,14,SIDA,6,maladie,then,::>13:74860>29:30092>14,14,maladie
::>13:74860>29:30092,14,sida,6,maladie,then,::>13:74860>29:30092,14,maladie
::>13:74860>29:30092,14,SIDA,6,maladie,then,::>13:74860>29:30092,14,maladie
pr?venir>131084,14,SIDA,6,maladie,then,pr?venir>131084,14,maladie
pr?venir>131084,14,SIDA,6,maladie,then,pr?venir>131084,14,maladie
pr?venir>131084,14,SIDA,6,maladie,then,pr?venir>131084,14,maladie
?radiquer,14,sida,6,maladie,then,?radiquer,14,maladie
?radiquer,14,sida,6,maladie,then,?radiquer,14,maladie
?radiquer,14,sida,6,maladie,then,?radiquer,14,maladie
::>13:74860>29:30092>14,14,sida,6,maladie,then,::>13:74860>29:30092>14,14,maladie
::>13:74860>29:30092>14,14,SIDA,6,maladie,then,::>13:74860>29:30092>14,14,maladie
::>13:74860>29:30092>14,14,sida,6,maladie,then,::>13:74860>29:30092>14,14,maladie
::>13:74860>29:30092>14,14,SIDA,6,maladie,then,::>13:74860>29:30092>14,14,maladie
::>13:74860>29:30092>14,14,sida,6,maladie,then,::>13:74860>29:30092>14,14,maladie
::>13:74860>29:30092>14,14,SIDA,6,maladie,then,::>13:74860>29:30092>14,14,maladie
::>13:74860>29:30092,14,sida,6,maladie,then,::>13:74860>29:30092,14,maladie
::>13:74860>29:30092,14,SIDA,6,maladie,then,::>13:74860>29:30092,14,maladie
::>13:74860>29:30092,14,sida,6,maladie,then,::>13:74860>29:30092,14,maladie
::>13:74860>29:30092,14,SIDA,6,maladie,then,::>13:74860>29:30092,14,maladie
::>13:74860>29:30092,14,sida,6,maladie,then,::>13:74860>29:30092,14,maladie
::>13:74860>29:30092,14,SIDA,6,maladie,then,::>13:74860>29:30092,14,maladie
::>16:51755>29:105814>14,14,lune,6,lune,then,::>16:51755>29:105814>14,14,lune
::>16:146748>29:105814>14,14,lune,6,lune,then,::>16:146748>29:105814>14,14,lune
::>16:51755>29:5070>14,14,lune,6,lune,then,::>16:51755>29:5070>14,14,lune
::>16:104729>29:105814>14,14,lune,6,lune,then,::>16:104729>29:105814>14,14,lune
::>16:51755>29:105814,14,lune,6,lune,then,::>16:51755>29:105814,14,lune
::>16:146748>29:105814,14,lune,6,lune,then,::>16:146748>29:105814,14,lune
::>16:51755>29:5070,14,lune,6,lune,then,::>16:51755>29:5070,14,lune
::>16:104729>29:105814,14,lune,6,lune,then,::>16:104729>29:105814,14,lune
observer,14,lune,6,lune,then,observer,14,lune
regarder,14,lune,6,lune,then,regarder,14,lune
photographier,14,lune,6,lune,then,photographier,14,lune

tube de Zworykin,41,télévision,9,tube cathodique,then,
tube de Zworykin,41,tube cathodique

tube de Zworykin,41,télévision,9,tube cathodique,then,
tube de Zworykin,41,tube cathodique

tube de Zworykin,41,télévision,9,tube cathodique,then,
tube de Zworykin,41,tube cathodique

tube de Zworykin,41,télévision,9,tube cathodique,then,
tube de Zworykin,41,tube cathodique

tube de Zworykin,41,télévision,9,tube cathodique,then,
tube de Zworykin,41,tube cathodique

tube de Zworykin,41,télévision,9,tube cathodique,then,
tube de Zworykin,41,tube cathodique

tube de Zworykin,41,télévision,9,tube cathodique,then,
tube de Zworykin,41,tube cathodique

tube de Zworykin,41,télévision,9,tube cathodique,then,
tube de Zworykin,41,tube cathodique

maladie,41,médecine,9,hôpital,then,
maladie,41,hôpital

maladie,41,Médecine,9,hôpital,then,
maladie,41,hôpital

maladie,41,médecine,9,hôpital,then,
maladie,41,hôpital

maladie,41,Médecine,9,hôpital,then,
maladie,41,hôpital

maladie,41,médecine,9,docteur,then,
maladie,41,docteur

maladie,41,Médecine,9,docteur,then,
maladie,41,docteur

maladie,41,médecine,9,docteur,then,
maladie,41,docteur

maladie,41,Médecine,9,docteur,then,
maladie,41,docteur

maladie,41,médecine,9,hosto,then,
maladie,41,hosto

maladie,41,Médecine,9,hosto,then,
maladie,41,hosto

maladie,41,médecine,9,hosto,then,
maladie,41,hosto

maladie,41,Médecine,9,hosto,then,
maladie,41,hosto

maladie,41,médecine,9,hospital,then,
maladie,41,hospital

maladie,41,Médecine,9,hospital,then,
maladie,41,hospital

maladie,41,médecine,9,hospital,then,
maladie,41,hospital

maladie,41,Médecine,9,hospital,then,
maladie,41,hospital

maladie,41,médecine,9,=hospital=,then,
maladie,41,=hospital=

maladie,41,Médecine,9,=hospital=,then,
maladie,41,=hospital=

maladie,41,médecine,9,=hospital=,then,
maladie,41,=hospital=

maladie,41,Médecine,9,=hospital=,then,
maladie,41,=hospital=
mathématiques,9,géométrie,42,physique,then,mathématiques,6,physique
mathématiques,9,Géométrie,42,physique,then,mathématiques,6,physique
mathématiques,9,géométrie,42,physique,then,mathématiques,6,physique
mathématiques,9,Géométrie,42,physique,then,mathématiques,6,physique
mathématiques,9,géométrie,42,physique,then,mathématiques,6,physique
mathématiques,9,Géométrie,42,physique,then,mathématiques,6,physique
mathématiques,9,géométrie,42,physique,then,mathématiques,6,physique
mathématiques,9,Géométrie,42,physique,then,mathématiques,6,physique
sciences,9,biologie,42,recherche,then,sciences,9,recherche
sciences,9,biologie,42,recherche,then,sciences,9,recherche
lampe,9,fil,42,électricité,then,lampe,9,électricité
fil électrique,9,fil,42,électricité,then,fil électrique,9,électricité
fil électrique,9,fil,42,électricité,then,fil électrique,9,électricité
lampe,9,fil,42,électricité,then,lampe,9,électricité
micheline,9,moteur,42,électricité,then,micheline,9,électricité
micheline,9,moteur,42,électricité,then,micheline,9,électricité
Mathématiques,9,géométrie,42,physique,then,Mathématiques,6,physique
Mathématiques,9,Géométrie,42,physique,then,Mathématiques,6,physique
Mathématiques,9,géométrie,42,physique,then,Mathématiques,6,physique
Mathématiques,9,Géométrie,42,physique,then,Mathématiques,6,physique
Mathématiques,9,géométrie,42,physique,then,Mathématiques,6,physique
Mathématiques,9,Géométrie,42,physique,then,Mathématiques,6,physique
Mathématiques,9,géométrie,42,physique,then,Mathématiques,6,physique
Mathématiques,9,Géométrie,42,physique,then,Mathématiques,6,physique
télévision,9,tube cathodique,42,tube de Zworykin,then,télévision,42,tube de Zworykin
télévision,9,tube cathodique,42,tube de Zworykin,then,télévision,42,tube de Zworykin
télévision,9,tube cathodique,42,tube de Zworykin,then,télévision,42,tube de Zworykin
télévision,9,tube cathodique,42,tube de Zworykin,then,télévision,42,tube de Zworykin
télévision,9,tube cathodique,42,tube de Zworykin,then,télévision,42,tube de Zworykin
télévision,9,tube cathodique,42,tube de Zworykin,then,télévision,42,tube de Zworykin
télévision,9,tube cathodique,42,tube de Zworykin,then,télévision,42,tube de Zworykin
télévision,9,tube cathodique,42,tube de Zworykin,then,télévision,42,tube de Zworykin
médecine,9,docteur,42,maladie,then,médecine,42,maladie
médecine,9,hôpital,42,maladie,then,médecine,42,maladie
médecine,9,hosto,42,maladie,then,médecine,42,maladie
médecine,9,hospital,42,maladie,then,médecine,42,maladie
médecine,9,=hospital=,42,maladie,then,médecine,42,maladie
médecine,9,docteur,42,maladie,then,médecine,42,maladie
médecine,9,hôpital,42,maladie,then,médecine,42,maladie
médecine,9,hosto,42,maladie,then,médecine,42,maladie
médecine,9,hospital,42,maladie,then,médecine,42,maladie
médecine,9,=hospital=,42,maladie,then,médecine,42,maladie
médecine,9,docteur,42,maladie,then,médecine,42,maladie
médecine,9,hôpital,42,maladie,then,médecine,42,maladie
médecine,9,hosto,42,maladie,then,médecine,42,maladie
médecine,9,hospital,42,maladie,then,médecine,42,maladie
médecine,9,=hospital=,42,maladie,then,médecine,42,maladie
médecine,9,docteur,42,maladie,then,médecine,42,maladie
médecine,9,hôpital,42,maladie,then,médecine,42,maladie
médecine,9,hosto,42,maladie,then,médecine,42,maladie
médecine,9,hospital,42,maladie,then,médecine,42,maladie
médecine,9,=hospital=,42,maladie,then,médecine,42,maladie
faune,9,maladie,42,bacille,then,faune,9,bacille
faune,9,maladie,42,bacille,then,faune,9,bacille
